District,Incumbent,Party,FiveThirtyEight Partisan Lean (2021 Version),FiveThirtyEight Partisan Lean (2020 Version),Cook PVI,Biden %,Trump %,2020 Pres. Margin,Clinton %,Trump %,2016 Pres. Margin,Obama %,Romney %,2012 Pres. Margin,Obama %,McCain %,2008 Pres. Margin,FiveThirtyEight Elasticity,Non-Hispanic White CVAP,Black CVAP,Hispanic CVAP,Asian CVAP,Median Household Income,% Bachelor's Degree or Higher (25+ Pop.),College-Educated Non-Hispanic White % (25+ Pop.),Non-College Non-Hispanic White % (25+ Pop.),Density Index
AK-1,"Young, Don",R,R+15,R+16,R+9,43%,53%,-10%,38%,53%,-15%,41%,55%,-14%,38%,60%,-22%,1.17,67.3%,3.2%,5.5%,4.3%,"$76,114",29.0%,23.7%,43.8%,Pure rural
AL-1,"Carl, Jerry",R,R+32,R+29,R+15,35%,64%,-28%,34%,64%,-29%,37%,62%,-24%,39%,61%,-22%,0.71,68.3%,26.5%,2.1%,1.0%,"$46,449",24.0%,18.8%,50.1%,Rural-suburban mix
AL-2,"Moore, Barry",R,R+33,R+31,R+16,35%,64%,-29%,33%,65%,-32%,36%,63%,-27%,35%,65%,-30%,0.82,65.6%,30.3%,1.9%,0.6%,"$44,765",22.1%,16.4%,49.9%,Pure rural
AL-3,"Rogers, Mike",R,R+35,R+32,R+16,34%,65%,-32%,32%,65%,-33%,37%,62%,-26%,37%,63%,-26%,0.88,71.0%,25.3%,1.7%,0.8%,"$44,725",21.5%,16.2%,54.5%,Pure rural
AL-4,"Aderholt, Rob",R,R+66,R+60,R+30,18%,81%,-63%,17%,80%,-63%,24%,75%,-51%,26%,73%,-48%,0.89,88.6%,7.1%,1.9%,0.4%,"$41,822",16.9%,15.3%,71.4%,Pure rural
AL-5,"Brooks, Mo",R,R+32,R+33,R+18,36%,63%,-27%,31%,65%,-33%,35%,64%,-29%,36%,63%,-26%,0.87,76.8%,17.3%,2.3%,1.2%,"$52,874",30.8%,24.4%,52.0%,Rural-suburban mix
AL-6,"Palmer, Gary",R,R+42,R+47,R+26,32%,67%,-35%,26%,71%,-45%,25%,74%,-50%,25%,74%,-49%,0.77,81.4%,14.6%,1.7%,1.0%,"$63,009",36.0%,30.1%,49.6%,Rural-suburban mix
AL-7,"Sewell, Terri",D,D+39,D+41,D+20,71%,29%,42%,70%,29%,41%,72%,27%,45%,72%,28%,43%,0.73,35.2%,62.4%,1.1%,0.3%,"$35,059",19.6%,9.8%,24.5%,Rural-suburban mix
AR-1,"Crawford, Rick",R,R+43,R+32,R+17,28%,69%,-41%,30%,65%,-35%,36%,61%,-25%,39%,58%,-19%,1.11,79.4%,16.9%,1.8%,0.3%,"$39,864",16.0%,14.0%,65.6%,Pure rural
AR-2,"Hill, French",R,R+14,R+11,R+7,44%,53%,-9%,42%,52%,-11%,43%,55%,-12%,44%,54%,-10%,1.00,73.2%,21.5%,2.4%,1.0%,"$49,526",29.2%,23.1%,49.7%,Rural-suburban mix
AR-3,"Womack, Steve",R,R+33,R+32,R+19,35%,62%,-27%,31%,62%,-31%,32%,66%,-34%,34%,64%,-30%,0.94,85.6%,3.0%,6.2%,1.8%,"$48,058",26.5%,22.8%,57.8%,Rural-suburban mix
AR-4,"Westerman, Bruce",R,R+41,R+31,R+17,30%,68%,-38%,31%,64%,-33%,36%,62%,-26%,37%,60%,-23%,0.92,76.3%,19.0%,2.4%,0.4%,"$39,248",16.1%,13.3%,62.5%,Pure rural
AZ-1,"O'Halleran, Tom",D,R+6,R+4,R+2,50%,48%,2%,47%,48%,-1%,48%,50%,-3%,48%,51%,-3%,0.91,55.3%,2.3%,17.8%,1.2%,"$50,317",24.1%,18.9%,37.2%,Pure rural
AZ-2,"Kirkpatrick, Ann",D,D+2,D+1,R+1,55%,44%,11%,50%,45%,5%,48%,50%,-2%,49%,50%,-1%,0.99,68.9%,3.7%,21.9%,2.5%,"$50,270",33.9%,26.6%,41.6%,Dense suburban
AZ-3,"Grijalva, Raul",D,D+22,D+26,D+13,63%,36%,27%,62%,33%,30%,61%,37%,25%,58%,41%,18%,1.19,37.0%,5.3%,51.4%,1.7%,"$44,332",16.0%,8.6%,24.6%,Dense suburban
AZ-4,"Gosar, Paul",R,R+45,R+41,R+21,31%,68%,-37%,28%,68%,-40%,31%,67%,-36%,34%,64%,-30%,0.99,80.6%,1.8%,13.4%,1.1%,"$47,671",18.8%,16.2%,63.6%,Rural-suburban mix
AZ-5,"Biggs, Andy",R,R+23,R+26,R+15,42%,57%,-15%,37%,58%,-21%,35%,64%,-29%,36%,63%,-26%,1.15,77.3%,3.0%,13.6%,3.4%,"$70,934",35.3%,27.6%,48.1%,Dense suburban
AZ-6,"Schweikert, David",R,R+13,R+16,R+9,47%,51%,-4%,42%,52%,-10%,39%,60%,-21%,41%,58%,-17%,1.10,80.9%,2.6%,10.8%,2.8%,"$67,405",43.4%,36.2%,41.5%,Dense suburban
AZ-7,"Gallego, Ruben",D,D+43,D+45,D+23,74%,25%,49%,72%,23%,49%,72%,27%,45%,65%,34%,31%,1.18,32.4%,12.6%,48.2%,2.5%,"$39,005",13.9%,7.4%,19.5%,Urban-suburban mix
AZ-8,"Lesko, Debbie",R,R+24,R+25,R+13,41%,57%,-16%,37%,58%,-21%,37%,62%,-25%,38%,61%,-22%,1.00,75.5%,4.2%,15.0%,2.8%,"$63,062",29.1%,23.2%,52.1%,Dense suburban
AZ-9,"Stanton, Greg",D,D+15,D+10,D+4,61%,37%,24%,55%,38%,16%,51%,47%,5%,51%,47%,4%,0.98,67.1%,5.8%,19.1%,3.3%,"$54,210",37.7%,28.1%,35.0%,Urban-suburban mix
CA-1,"LaMalfa, Doug",R,R+21,R+24,R+11,41%,56%,-15%,37%,56%,-20%,40%,57%,-16%,42%,53%,-11%,1.06,82.1%,1.6%,9.6%,2.1%,"$48,524",24.0%,21.0%,60.9%,Rural-suburban mix
CA-2,"Huffman, Jared",D,D+45,D+39,D+22,74%,24%,50%,69%,23%,46%,69%,27%,42%,71%,25%,46%,0.87,79.8%,1.6%,10.1%,3.4%,"$68,709",40.7%,34.7%,41.8%,Rural-suburban mix
CA-3,"Garamendi, John",D,D+9,D+7,D+5,55%,43%,12%,53%,40%,13%,54%,43%,11%,55%,42%,13%,0.99,57.6%,7.1%,20.2%,10.3%,"$61,268",24.7%,15.6%,38.6%,Rural-suburban mix
CA-4,"McClintock, Tom",R,R+15,R+21,R+10,44%,54%,-10%,39%,54%,-15%,40%,58%,-18%,43%,54%,-11%,0.98,81.6%,1.4%,9.6%,4.1%,"$72,371",32.7%,26.9%,53.4%,Rural-suburban mix
CA-5,"Thompson, Mike",D,D+43,D+39,D+21,73%,25%,47%,69%,24%,45%,70%,28%,42%,70%,26%,44%,0.82,60.6%,6.8%,17.4%,10.9%,"$71,526",31.0%,21.1%,35.6%,Dense suburban
CA-6,"Matsui, Doris",D,D+40,D+38,D+21,70%,27%,43%,69%,24%,45%,69%,28%,41%,68%,29%,39%,0.97,45.3%,14.1%,20.5%,14.7%,"$51,479",27.7%,15.6%,27.7%,Urban-suburban mix
CA-7,"Bera, Ami",D,D+9,D+4,D+3,56%,42%,14%,52%,41%,11%,51%,47%,4%,51%,46%,5%,0.90,60.7%,7.7%,13.5%,13.5%,"$69,964",33.0%,20.4%,38.5%,Dense suburban
CA-8,"Obernolte, Jay",R,R+16,R+20,R+9,44%,54%,-11%,40%,55%,-15%,42%,56%,-14%,42%,55%,-13%,0.99,54.7%,7.9%,31.3%,2.8%,"$50,051",16.4%,10.6%,42.4%,Rural-suburban mix
CA-9,"McNerney, Jerry",D,D+14,D+13,D+8,58%,40%,18%,57%,38%,19%,58%,40%,18%,56%,41%,15%,1.14,44.9%,10.1%,27.7%,13.7%,"$60,717",19.8%,10.2%,30.7%,Dense suburban
CA-10,"Harder, Josh",D,R+1,R+2,EVEN,50%,47%,3%,49%,46%,3%,51%,47%,4%,50%,47%,3%,1.15,54.2%,3.8%,31.6%,6.6%,"$59,543",17.3%,10.9%,39.1%,Dense suburban
CA-11,"DeSaulnier, Mark",D,D+46,D+40,D+21,74%,24%,51%,72%,23%,49%,68%,30%,38%,69%,28%,41%,0.97,56.5%,9.3%,16.8%,13.3%,"$83,343",43.0%,28.4%,23.2%,Urban-suburban mix
CA-12,"Pelosi, Nancy",D,D+71,D+71,D+37,86%,12%,74%,86%,9%,78%,84%,13%,72%,84%,13%,71%,0.80,48.4%,5.7%,11.2%,30.9%,"$97,282",57.4%,34.9%,11.1%,Pure urban
CA-13,"Lee, Barbara",D,D+76,D+76,D+40,89%,9%,80%,87%,7%,81%,88%,9%,79%,87%,10%,77%,0.58,41.7%,19.8%,13.8%,19.9%,"$70,222",46.8%,27.0%,11.5%,Pure urban
CA-14,"Speier, Jackie",D,D+54,D+51,D+27,78%,21%,57%,77%,18%,59%,74%,24%,51%,73%,24%,49%,0.81,41.8%,3.7%,17.7%,32.8%,"$101,753",46.1%,21.2%,16.6%,Urban-suburban mix
CA-15,"Swalwell, Eric",D,D+41,D+38,D+20,72%,26%,45%,70%,24%,46%,68%,30%,38%,67%,30%,37%,0.89,42.8%,7.1%,17.5%,28.3%,"$103,109",43.3%,17.1%,20.1%,Urban-suburban mix
CA-16,"Costa, Jim",D,D+17,D+15,D+9,59%,39%,20%,58%,36%,22%,59%,39%,19%,57%,40%,17%,1.16,33.7%,7.6%,47.0%,9.2%,"$40,689",12.3%,6.3%,23.1%,Dense suburban
CA-17,"Khanna, Ro",D,D+45,D+46,D+25,73%,26%,47%,74%,21%,53%,72%,26%,46%,69%,28%,41%,1.09,33.4%,3.2%,14.6%,45.3%,"$115,390",55.8%,13.9%,13.0%,Pure urban
CA-18,"Eshoo, Anna",D,D+51,D+44,D+23,76%,21%,55%,73%,20%,53%,68%,29%,39%,70%,27%,43%,0.92,64.1%,2.2%,11.7%,18.5%,"$122,124",61.8%,38.1%,20.5%,Urban-suburban mix
CA-19,"Lofgren, Zoe",D,D+41,D+44,D+24,70%,28%,42%,73%,22%,51%,71%,27%,45%,68%,29%,39%,0.99,33.5%,3.5%,31.0%,29.0%,"$91,357",34.3%,14.2%,15.5%,Urban-suburban mix
CA-20,"Panetta, Jimmy",D,D+44,D+41,D+23,73%,25%,48%,70%,23%,47%,71%,26%,45%,71%,26%,45%,1.03,53.6%,2.7%,34.5%,5.9%,"$66,078",27.4%,19.8%,24.9%,Urban-suburban mix
CA-21,"Valadao, David",R,D+9,D+9,D+5,54%,44%,11%,55%,40%,16%,55%,44%,11%,52%,46%,6%,1.03,27.8%,6.1%,60.0%,3.7%,"$40,330",8.2%,3.8%,18.0%,Rural-suburban mix
CA-22,,,R+11,R+17,R+8,46%,52%,-6%,43%,52%,-10%,42%,57%,-15%,42%,55%,-13%,0.96,49.9%,3.5%,37.1%,7.3%,"$56,097",24.2%,15.2%,31.6%,Dense suburban
CA-23,"McCarthy, Kevin",R,R+22,R+28,R+14,41%,57%,-17%,36%,58%,-22%,36%,62%,-25%,36%,61%,-25%,1.03,55.9%,6.8%,29.7%,4.5%,"$57,341",20.0%,12.8%,40.6%,Dense suburban
CA-24,"Carbajal, Salud",D,D+19,D+12,D+7,61%,37%,24%,57%,37%,20%,54%,43%,11%,56%,41%,15%,1.04,67.2%,2.2%,23.2%,4.5%,"$67,574",33.6%,27.2%,34.7%,Sparse suburban
CA-25,"Garcia, Mike",R,D+5,R+2,EVEN,54%,44%,10%,50%,44%,7%,48%,50%,-2%,49%,48%,1%,1.08,50.9%,8.5%,30.0%,7.8%,"$75,860",27.3%,15.8%,32.5%,Dense suburban
CA-26,"Brownley, Julia",D,D+20,D+13,D+7,61%,37%,25%,58%,36%,22%,54%,44%,10%,56%,41%,15%,1.24,56.0%,2.2%,32.8%,6.7%,"$80,281",32.8%,22.2%,28.1%,Dense suburban
CA-27,"Chu, Judy",D,D+33,D+29,D+16,67%,31%,36%,66%,28%,38%,63%,35%,28%,61%,35%,26%,0.97,32.3%,5.5%,24.7%,35.3%,"$73,445",41.9%,15.7%,13.1%,Urban-suburban mix
CA-28,"Schiff, Adam",D,D+42,D+43,D+23,71%,27%,44%,72%,22%,50%,70%,27%,44%,70%,26%,44%,0.90,61.7%,3.4%,19.9%,12.2%,"$62,319",45.2%,29.4%,29.2%,Pure urban
CA-29,"Cardenas, Tony",D,D+50,D+55,D+29,74%,24%,50%,78%,17%,61%,77%,21%,57%,74%,23%,51%,0.98,28.0%,5.5%,55.7%,9.2%,"$50,823",19.3%,7.9%,15.2%,Pure urban
CA-30,"Sherman, Brad",D,D+37,D+35,D+18,69%,29%,39%,69%,26%,43%,65%,32%,33%,66%,31%,35%,0.91,58.5%,5.2%,22.0%,11.6%,"$76,169",42.5%,27.5%,27.7%,Urban-suburban mix
CA-31,"Aguilar, Pete",D,D+16,D+14,D+8,59%,39%,20%,58%,37%,21%,57%,41%,17%,56%,41%,15%,1.28,34.1%,12.5%,44.2%,7.0%,"$58,167",23.5%,10.5%,21.6%,Dense suburban
CA-32,"Napolitano, Grace",D,D+31,D+32,D+17,65%,33%,32%,67%,28%,39%,65%,33%,33%,62%,35%,27%,1.02,21.6%,3.5%,54.6%,18.7%,"$64,151",21.0%,5.7%,12.7%,Urban-suburban mix
CA-33,"Lieu, Ted",D,D+37,D+30,D+16,69%,29%,40%,68%,27%,41%,61%,37%,24%,64%,33%,31%,1.04,70.2%,3.0%,11.4%,12.0%,"$103,176",63.9%,46.4%,22.9%,Urban-suburban mix
CA-34,"Gomez, Jimmy",D,D+63,D+67,D+35,81%,17%,64%,84%,11%,73%,83%,14%,69%,77%,19%,58%,0.95,17.6%,7.3%,50.9%,22.2%,"$40,215",25.2%,7.3%,5.4%,Pure urban
CA-35,"Torres, Norma",D,D+31,D+34,D+19,65%,33%,33%,68%,27%,41%,67%,31%,37%,64%,32%,32%,0.95,21.0%,8.6%,60.5%,7.4%,"$58,467",15.3%,4.1%,14.1%,Urban-suburban mix
CA-36,"Ruiz, Raul",D,D+8,D+2,D+2,56%,42%,14%,52%,43%,9%,51%,48%,3%,50%,47%,3%,1.01,54.4%,4.9%,35.3%,3.0%,"$46,772",20.8%,15.3%,35.3%,Dense suburban
CA-37,"Bass, Karen",D,D+68,D+70,D+37,84%,14%,71%,86%,10%,76%,85%,13%,72%,84%,13%,71%,0.82,31.9%,29.3%,26.4%,9.6%,"$54,063",37.8%,18.5%,9.6%,Pure urban
CA-38,"Sanchez, Linda",D,D+32,D+32,D+17,66%,32%,33%,67%,27%,40%,65%,33%,32%,61%,35%,26%,0.93,22.1%,4.5%,55.7%,16.0%,"$65,963",22.5%,5.3%,14.9%,Pure urban
CA-39,"Kim, Young",R,D+6,R+1,EVEN,54%,44%,10%,52%,43%,9%,47%,51%,-4%,47%,49%,-2%,0.95,38.1%,2.8%,27.9%,28.9%,"$85,147",41.1%,14.3%,19.7%,Dense suburban
CA-40,"Roybal-Allard, Lucille",D,D+57,D+63,D+33,77%,21%,57%,82%,13%,69%,82%,17%,65%,77%,19%,58%,1.25,8.2%,7.8%,79.5%,3.7%,"$43,499",9.5%,1.3%,4.7%,Pure urban
CA-41,"Takano, Mark",D,D+22,D+22,D+12,62%,36%,26%,61%,33%,28%,62%,36%,25%,59%,38%,21%,1.22,32.0%,11.3%,48.3%,6.1%,"$60,629",17.0%,7.7%,21.6%,Dense suburban
CA-42,"Calvert, Ken",R,R+13,R+18,R+9,45%,53%,-7%,41%,53%,-12%,41%,57%,-15%,43%,54%,-11%,0.97,51.1%,6.3%,30.7%,8.9%,"$77,297",25.1%,13.3%,34.9%,Sparse suburban
CA-43,"Waters, Maxine",D,D+54,D+56,D+29,77%,21%,56%,78%,17%,62%,78%,20%,58%,75%,22%,53%,0.86,20.0%,28.4%,34.7%,13.6%,"$52,806",25.5%,7.5%,9.8%,Pure urban
CA-44,"Barragan, Nanette",D,D+59,D+66,D+35,78%,19%,59%,83%,12%,71%,85%,14%,71%,81%,16%,65%,0.81,10.5%,22.9%,57.2%,7.2%,"$49,774",12.6%,2.5%,6.5%,Pure urban
CA-45,"Porter, Katie",D,D+6,R+6,R+3,55%,43%,11%,50%,44%,5%,43%,55%,-12%,46%,51%,-5%,0.97,59.8%,1.9%,14.9%,20.5%,"$97,431",53.8%,30.3%,25.6%,Urban-suburban mix
CA-46,"Correa, Lou",D,D+29,D+29,D+15,64%,34%,31%,66%,28%,38%,61%,36%,25%,58%,39%,19%,0.94,29.9%,2.5%,48.9%,17.0%,"$59,863",18.0%,6.7%,15.4%,Pure urban
CA-47,"Lowenthal, Alan",D,D+25,D+23,D+13,63%,35%,27%,63%,31%,32%,60%,38%,23%,58%,39%,19%,0.95,40.6%,8.5%,25.4%,22.4%,"$63,887",31.1%,15.4%,21.7%,Pure urban
CA-48,"Steel, Michelle",R,R+2,R+8,R+4,50%,48%,1%,48%,46%,2%,43%,55%,-12%,46%,51%,-5%,1.06,63.3%,1.3%,14.7%,17.7%,"$87,413",44.4%,30.7%,29.2%,Urban-suburban mix
CA-49,"Levin, Mike",D,D+7,R+3,R+1,55%,43%,13%,51%,43%,8%,46%,52%,-7%,49%,48%,1%,0.92,69.3%,2.8%,18.8%,6.2%,"$82,202",44.1%,34.1%,32.1%,Dense suburban
CA-50,"Issa, Darrell",R,R+14,R+23,R+11,45%,53%,-8%,40%,55%,-15%,38%,60%,-23%,39%,58%,-19%,1.02,65.5%,3.1%,22.0%,5.5%,"$70,774",27.8%,20.3%,41.4%,Dense suburban
CA-51,"Vargas, Juan",D,D+36,D+41,D+22,67%,31%,36%,72%,23%,49%,69%,29%,41%,65%,32%,33%,0.98,19.8%,9.0%,59.9%,9.4%,"$44,759",14.2%,4.1%,12.2%,Urban-suburban mix
CA-52,"Peters, Scott",D,D+23,D+12,D+6,63%,34%,29%,58%,36%,23%,52%,46%,6%,55%,43%,12%,1.00,65.2%,3.3%,11.9%,16.0%,"$89,955",57.6%,37.7%,24.4%,Urban-suburban mix
CA-53,"Jacobs, Sara",D,D+32,D+26,D+14,67%,31%,36%,65%,30%,35%,61%,36%,25%,61%,36%,25%,0.96,48.3%,8.6%,26.8%,12.6%,"$68,799",37.1%,21.4%,25.0%,Urban-suburban mix
CO-1,"DeGette, Diana",D,D+47,D+39,D+21,76%,22%,54%,69%,23%,46%,69%,29%,40%,71%,28%,43%,1.02,68.6%,8.2%,18.2%,2.6%,"$62,195",46.2%,38.6%,26.0%,Urban-suburban mix
CO-2,"Neguse, Joe",D,D+23,D+15,D+9,64%,34%,30%,56%,35%,21%,58%,40%,18%,61%,37%,24%,1.02,87.6%,0.9%,7.4%,2.1%,"$75,021",53.9%,48.6%,37.7%,Sparse suburban
CO-3,"Boebert, Lauren",R,R+12,R+15,R+6,46%,52%,-6%,40%,52%,-12%,46%,52%,-6%,48%,50%,-2%,1.17,77.2%,1.0%,18.5%,0.6%,"$51,456",30.3%,26.9%,49.1%,Pure rural
CO-4,"Buck, Ken",R,R+22,R+27,R+13,41%,57%,-16%,34%,57%,-23%,39%,59%,-19%,42%,56%,-15%,1.08,79.8%,1.2%,15.7%,1.2%,"$71,357",34.5%,30.1%,46.9%,Rural-suburban mix
CO-5,"Lamborn, Doug",R,R+21,R+28,R+14,42%,55%,-13%,33%,57%,-24%,38%,59%,-21%,40%,59%,-19%,1.12,76.9%,5.6%,12.0%,2.0%,"$61,391",35.5%,29.9%,46.4%,Dense suburban
CO-6,"Crow, Jason",D,D+12,D+2,D+2,58%,39%,19%,50%,41%,9%,52%,47%,5%,54%,45%,9%,1.03,71.5%,8.7%,12.7%,4.4%,"$75,962",42.0%,33.3%,33.7%,Dense suburban
CO-7,"Perlmutter, Ed",D,D+15,D+8,D+6,60%,37%,23%,51%,39%,12%,56%,41%,15%,57%,41%,17%,1.16,73.5%,1.6%,20.2%,2.6%,"$65,880",32.4%,27.2%,42.9%,Dense suburban
CT-1,"Larson, John",D,D+21,D+20,D+12,63%,35%,28%,59%,36%,23%,63%,36%,28%,66%,33%,33%,1.10,69.1%,13.5%,13.4%,2.9%,"$69,910",36.9%,28.1%,39.0%,Sparse suburban
CT-2,"Courtney, Joe",D,D+3,D+1,D+3,55%,44%,11%,49%,46%,3%,56%,43%,13%,59%,40%,19%,1.03,86.0%,3.8%,6.2%,2.2%,"$74,427",34.7%,30.9%,54.5%,Rural-suburban mix
CT-3,"DeLauro, Rosa",D,D+14,D+14,D+9,60%,39%,21%,56%,40%,16%,63%,36%,26%,63%,36%,26%,1.13,72.1%,12.8%,11.0%,2.8%,"$66,465",35.9%,27.5%,43.0%,Sparse suburban
CT-4,"Himes, Jim",D,D+22,D+14,D+7,64%,35%,30%,60%,37%,23%,55%,44%,11%,60%,40%,20%,1.08,70.8%,12.2%,12.7%,3.7%,"$92,799",48.7%,38.9%,26.1%,Sparse suburban
CT-5,"Hayes, Jahana",D,D+2.8,D+0.4,D+2,55%,44%,11%,50%,46%,4%,54%,45%,8%,56%,42%,14%,1.12,77.2%,6.5%,12.9%,2.4%,"$71,132",35.8%,30.3%,44.6%,Sparse suburban
DE-1,"Blunt Rochester, Lisa",D,D+14,D+12,D+6,59%,40%,19%,53%,42%,12%,59%,40%,19%,62%,37%,25%,0.84,69.9%,21.2%,5.2%,2.3%,"$63,036",31.0%,22.6%,45.6%,Sparse suburban
FL-1,"Gaetz, Matt",R,R+40,R+44,R+22,32%,66%,-34%,28%,68%,-39%,30%,69%,-38%,32%,67%,-35%,0.90,77.2%,13.0%,4.6%,2.1%,"$53,480",27.1%,22.7%,54.6%,Rural-suburban mix
FL-2,"Dunn, Neal",R,R+40,R+39,R+18,32%,67%,-35%,31%,66%,-36%,34%,65%,-31%,35%,63%,-28%,0.97,79.7%,12.8%,4.5%,1.1%,"$47,146",23.3%,19.2%,60.4%,Rural-suburban mix
FL-3,"Cammack, Kat",R,R+19,R+21,R+9,43%,56%,-13%,40%,56%,-16%,42%,57%,-15%,44%,55%,-10%,0.99,72.9%,15.3%,7.6%,2.3%,"$47,047",26.3%,19.6%,53.0%,Pure rural
FL-4,"Rutherford, John",R,R+28,R+35,R+17,39%,60%,-21%,34%,62%,-28%,33%,66%,-33%,35%,64%,-29%,1.09,79.7%,9.0%,6.2%,3.2%,"$66,753",38.7%,30.9%,47.6%,Sparse suburban
FL-5,"Lawson, Al",D,D+21,D+21,D+12,63%,36%,27%,61%,36%,25%,64%,35%,28%,63%,36%,27%,0.86,44.9%,46.0%,5.5%,1.9%,"$39,667",20.1%,10.5%,34.5%,Sparse suburban
FL-6,"Waltz, Michael",R,R+22,R+18,R+7,41%,58%,-18%,40%,57%,-17%,47%,52%,-6%,50%,49%,1%,0.94,78.4%,9.5%,9.5%,1.3%,"$45,873",23.1%,19.0%,59.8%,Sparse suburban
FL-7,"Murphy, Stephanie",D,D+4.6,R+0.4,EVEN,55%,44%,10%,51%,44%,7%,49%,49%,0%,51%,48%,3%,1.04,64.2%,10.2%,21.0%,3.3%,"$56,681",38.2%,27.2%,35.5%,Sparse suburban
FL-8,"Posey, Bill",R,R+23,R+24,R+11,41%,58%,-18%,38%,58%,-21%,42%,57%,-15%,44%,55%,-11%,1.11,80.4%,8.5%,7.9%,1.6%,"$50,998",28.2%,23.5%,56.2%,Sparse suburban
FL-9,"Soto, Darren",D,D+4,D+7,D+5,53%,46%,7%,55%,42%,13%,56%,43%,12%,55%,45%,10%,0.96,49.8%,12.4%,34.5%,2.6%,"$48,016",22.7%,12.5%,35.5%,Sparse suburban
FL-10,"Demings, Val",D,D+21,D+20,D+11,62%,37%,25%,62%,35%,27%,61%,38%,22%,61%,39%,22%,0.99,44.3%,26.5%,22.7%,4.6%,"$50,380",29.6%,16.2%,25.8%,Sparse suburban
FL-11,"Webster, Dan",R,R+37,R+33,R+15,34%,65%,-32%,33%,65%,-32%,40%,59%,-19%,43%,56%,-14%,1.10,83.7%,6.4%,7.6%,1.0%,"$45,051",20.6%,17.8%,65.8%,Rural-suburban mix
FL-12,"Bilirakis, Gus",R,R+22,R+20,R+8,41%,58%,-17%,39%,57%,-19%,46%,53%,-8%,47%,51%,-4%,1.08,83.0%,4.4%,9.5%,2.0%,"$50,542",26.9%,21.7%,60.5%,Sparse suburban
FL-13,"Crist, Charlie",D,R+1.0,D+0.4,D+2,52%,47%,4%,50%,46%,3%,55%,44%,11%,56%,43%,13%,1.08,77.6%,11.3%,6.7%,2.7%,"$47,370",28.7%,23.6%,53.3%,Dense suburban
FL-14,"Castor, Kathy",D,D+12,D+12,D+7,57%,42%,16%,57%,39%,18%,58%,41%,16%,58%,41%,17%,1.08,53.7%,18.2%,23.7%,3.2%,"$50,891",35.0%,22.5%,27.6%,Dense suburban
FL-15,"Franklin, Scott",R,R+14,R+14,R+6,45%,54%,-9%,43%,53%,-10%,47%,52%,-6%,47%,52%,-5%,1.00,66.3%,13.7%,16.2%,2.4%,"$52,460",24.8%,16.8%,47.6%,Sparse suburban
FL-16,"Buchanan, Vern",R,R+14,R+15,R+7,46%,54%,-8%,43%,54%,-11%,45%,54%,-9%,48%,51%,-4%,1.07,79.5%,7.7%,9.9%,1.6%,"$56,355",31.7%,26.9%,50.4%,Sparse suburban
FL-17,"Steube, Greg",R,R+32,R+29,R+13,36%,63%,-27%,35%,62%,-27%,41%,58%,-16%,44%,55%,-11%,1.02,81.8%,6.9%,9.2%,1.0%,"$46,034",21.1%,18.1%,62.1%,Rural-suburban mix
FL-18,"Mast, Brian",R,R+13,R+13,R+5,46%,54%,-8%,44%,53%,-9%,48%,51%,-4%,51%,48%,3%,0.98,75.8%,11.0%,10.5%,1.6%,"$56,264",30.2%,24.7%,48.4%,Sparse suburban
FL-19,"Donalds, Byron",R,R+26,R+27,R+13,40%,60%,-20%,38%,60%,-22%,39%,61%,-22%,42%,57%,-15%,0.92,80.6%,6.1%,11.2%,1.3%,"$54,971",31.9%,27.9%,48.8%,Sparse suburban
FL-20,"Cherfilus-McCormick, Sheila",D,D+53,D+58,D+31,77%,22%,55%,80%,18%,62%,83%,17%,65%,81%,19%,62%,0.99,24.4%,52.8%,19.8%,2.2%,"$43,648",21.0%,6.1%,16.4%,Urban-suburban mix
FL-21,"Frankel, Lois",D,D+13,D+15,D+9,58%,41%,17%,59%,39%,20%,60%,39%,22%,63%,36%,28%,0.99,69.0%,12.1%,15.7%,2.1%,"$55,616",34.0%,25.5%,38.0%,Dense suburban
FL-22,"Deutch, Ted",D,D+10,D+10,D+6,57%,42%,15%,57%,41%,16%,56%,43%,13%,58%,41%,17%,1.07,67.4%,12.1%,16.4%,2.6%,"$59,830",38.0%,27.7%,36.1%,Dense suburban
FL-23,"Wasserman Schultz, Debbie",D,D+15,D+20,D+11,58%,41%,17%,62%,36%,26%,61%,38%,23%,62%,37%,25%,1.06,49.4%,13.5%,32.3%,3.5%,"$62,823",38.8%,18.9%,27.3%,Urban-suburban mix
FL-24,"Wilson, Frederica",D,D+52,D+64,D+34,75%,24%,51%,83%,15%,68%,86%,14%,72%,84%,16%,68%,0.80,14.7%,52.2%,32.9%,1.2%,"$37,821",19.3%,4.6%,8.3%,Urban-suburban mix
FL-25,"Diaz-Balart, Mario",R,R+21,R+10,R+4,38%,61%,-23%,48%,50%,-2%,45%,55%,-10%,41%,59%,-18%,1.27,25.9%,4.7%,68.7%,1.0%,"$46,827",23.1%,6.6%,12.9%,Urban-suburban mix
FL-26,"Gimenez, Carlos",R,R+3,D+9,D+6,47%,53%,-6%,57%,41%,16%,55%,44%,12%,52%,48%,4%,1.22,21.1%,12.4%,64.9%,1.8%,"$53,318",25.8%,6.0%,11.3%,Urban-suburban mix
FL-27,"Salazar, María Elvira",R,D+4,D+10,D+5,51%,48%,3%,59%,39%,20%,53%,46%,7%,50%,49%,1%,1.09,25.7%,6.0%,66.4%,1.9%,"$52,353",38.0%,12.8%,8.0%,Urban-suburban mix
GA-1,"Carter, Buddy",R,R+19,R+21,R+9,43%,56%,-12%,41%,56%,-16%,43%,56%,-13%,44%,55%,-11%,0.81,63.5%,29.4%,4.1%,1.3%,"$49,245",25.4%,18.4%,45.3%,Rural-suburban mix
GA-2,"Bishop, Sanford",D,D+6,D+7,D+6,56%,43%,12%,55%,43%,12%,59%,41%,18%,58%,42%,16%,0.80,44.0%,51.4%,2.6%,0.8%,"$36,332",17.7%,10.0%,34.6%,Rural-suburban mix
GA-3,"Ferguson, Drew",R,R+33,R+39,R+18,37%,62%,-25%,33%,64%,-32%,33%,66%,-33%,34%,65%,-31%,0.90,70.2%,23.7%,3.2%,1.2%,"$55,443",26.0%,19.7%,50.1%,Rural-suburban mix
GA-4,"Johnson, Hank",D,D+51,D+45,D+24,79%,20%,59%,75%,22%,53%,74%,26%,48%,73%,26%,47%,0.80,29.5%,61.9%,3.8%,3.3%,"$52,414",30.2%,11.0%,17.6%,Sparse suburban
GA-5,"Williams, Nikema",D,D+68,D+65,D+34,86%,13%,74%,85%,12%,73%,83%,16%,67%,84%,15%,69%,0.79,32.7%,59.3%,3.3%,3.0%,"$47,961",40.6%,22.7%,9.6%,Dense suburban
GA-6,"McBath, Lucy",D,D+1,R+15,R+8,55%,44%,11%,47%,48%,-2%,38%,61%,-23%,40%,59%,-19%,1.08,71.3%,14.7%,5.3%,6.9%,"$86,295",59.7%,42.4%,21.9%,Dense suburban
GA-7,"Bourdeaux, Carolyn",D,R+4,R+18,R+9,52%,46%,6%,45%,51%,-6%,38%,60%,-22%,39%,60%,-21%,0.88,57.2%,21.3%,9.3%,10.6%,"$70,486",40.2%,23.2%,26.8%,Sparse suburban
GA-8,"Scott, Austin",R,R+32,R+34,R+15,37%,62%,-25%,34%,63%,-29%,38%,62%,-24%,38%,62%,-24%,1.00,64.5%,30.3%,3.0%,0.9%,"$43,142",20.6%,15.2%,48.9%,Pure rural
GA-9,"Clyde, Andrew",R,R+61,R+64,R+31,22%,76%,-54%,19%,78%,-59%,21%,78%,-58%,24%,75%,-50%,0.81,86.4%,7.0%,4.5%,1.0%,"$50,214",22.0%,20.1%,62.0%,Pure rural
GA-10,"Hice, Jody",R,R+28,R+32,R+15,39%,60%,-20%,36%,61%,-26%,36%,63%,-26%,39%,60%,-22%,0.80,69.3%,24.8%,3.0%,1.6%,"$51,042",25.1%,19.6%,48.4%,Pure rural
GA-11,"Loudermilk, Barry",R,R+24,R+35,R+17,42%,57%,-15%,35%,60%,-25%,32%,67%,-35%,35%,64%,-30%,0.86,74.6%,16.4%,5.3%,2.3%,"$69,534",40.3%,30.2%,40.7%,Sparse suburban
GA-12,"Allen, Rick",R,R+20,R+21,R+9,43%,56%,-13%,41%,57%,-16%,44%,55%,-12%,44%,56%,-12%,0.92,59.4%,34.7%,3.4%,1.3%,"$42,825",20.8%,14.5%,45.0%,Pure rural
GA-13,"Scott, David",D,D+44,D+36,D+20,76%,23%,52%,71%,27%,44%,69%,30%,39%,67%,32%,35%,0.84,31.9%,59.6%,5.2%,2.3%,"$55,060",28.2%,8.2%,23.7%,Sparse suburban
GA-14,"Greene, Marjorie Taylor",R,R+55,R+58,R+27,25%,73%,-48%,22%,75%,-53%,25%,73%,-48%,28%,71%,-43%,0.98,84.6%,8.9%,4.7%,0.7%,"$48,731",17.4%,14.6%,66.5%,Rural-suburban mix
HI-1,"Case, Ed",D,D+32,D+36,D+17,64%,35%,29%,63%,31%,33%,70%,29%,41%,70%,28%,42%,1.17,18.7%,2.4%,7.4%,51.4%,"$78,813",35.1%,8.6%,8.5%,Urban-suburban mix
HI-2,"Kahele, Kai",D,D+32,D+37,D+19,64%,34%,30%,61%,30%,32%,71%,27%,45%,73%,25%,49%,1.31,33.4%,1.7%,9.3%,26.6%,"$71,289",28.8%,14.1%,19.0%,Rural-suburban mix
IA-1,"Hinson, Ashley",R,R+4,R+3,D+1,47%,51%,-3%,45%,49%,-4%,56%,43%,14%,59%,40%,18%,1.13,92.9%,3.0%,2.0%,0.8%,"$57,084",26.0%,24.3%,67.7%,Rural-suburban mix
IA-2,"Miller-Meeks, Mariannette",R,R+5,R+3,D+1,47%,51%,-4%,45%,49%,-4%,56%,43%,13%,57%,42%,16%,1.14,90.7%,3.3%,3.5%,1.1%,"$53,724",28.1%,25.2%,64.1%,Rural-suburban mix
IA-3,"Axne, Cindy",D,R+2,R+6,R+1,49%,49%,0%,45%,49%,-4%,51%,47%,4%,52%,46%,6%,0.99,90.1%,3.4%,3.4%,1.7%,"$62,390",32.2%,29.6%,58.2%,Sparse suburban
IA-4,"Feenstra, Randy",R,R+28,R+26,R+11,36%,63%,-27%,34%,61%,-27%,45%,53%,-8%,49%,50%,-2%,1.07,93.4%,1.3%,3.2%,0.9%,"$52,799",24.1%,22.5%,69.0%,Pure rural
ID-1,"Fulcher, Russ",R,R+43,R+37,R+21,30%,67%,-37%,25%,64%,-38%,32%,65%,-33%,35%,63%,-27%,1.05,88.9%,0.4%,6.8%,1.0%,"$51,632",25.1%,23.1%,64.7%,Rural-suburban mix
ID-2,"Simpson, Mike",R,R+30,R+28,R+17,37%,60%,-24%,30%,55%,-25%,33%,64%,-31%,37%,61%,-23%,0.91,87.6%,0.7%,8.1%,1.0%,"$50,222",28.6%,26.3%,58.5%,Rural-suburban mix
IL-1,"Rush, Bobby",D,D+47,D+51,D+27,74%,25%,49%,75%,21%,54%,79%,20%,59%,81%,19%,62%,0.72,37.5%,53.0%,6.9%,1.3%,"$50,666",27.7%,13.3%,24.3%,Urban-suburban mix
IL-2,"Kelly, Robin",D,D+54,D+56,D+29,78%,21%,56%,78%,19%,59%,81%,19%,62%,81%,18%,63%,0.78,32.1%,57.3%,9.1%,0.6%,"$47,510",22.5%,8.1%,24.4%,Dense suburban
IL-3,"Newman, Marie",D,D+10,D+11,D+6,56%,43%,13%,55%,40%,15%,56%,43%,13%,58%,40%,18%,1.01,67.3%,5.5%,22.8%,3.6%,"$64,489",27.3%,20.7%,43.2%,Urban-suburban mix
IL-4,"García, Chuy",D,D+62,D+63,D+33,81%,17%,63%,82%,13%,69%,81%,17%,64%,81%,18%,62%,0.85,32.9%,5.6%,56.4%,4.2%,"$49,321",23.0%,13.1%,14.2%,Pure urban
IL-5,"Quigley, Mike",D,D+43,D+38,D+20,72%,26%,46%,71%,24%,47%,66%,32%,34%,70%,29%,41%,0.83,74.0%,3.1%,15.0%,6.2%,"$78,227",53.4%,42.7%,29.2%,Pure urban
IL-6,"Casten, Sean",D,D+7,R+2,R+2,55%,43%,13%,50%,43%,7%,45%,53%,-8%,51%,47%,4%,0.99,83.0%,2.5%,6.3%,7.2%,"$96,460",51.5%,41.9%,37.6%,Sparse suburban
IL-7,"Davis, Danny",D,D+72,D+73,D+38,86%,12%,74%,87%,9%,78%,87%,12%,75%,89%,10%,80%,0.75,33.0%,50.7%,9.9%,5.3%,"$54,112",40.8%,24.5%,8.6%,Pure urban
IL-8,"Krishnamoorthi, Raja",D,D+17,D+16,D+8,59%,39%,20%,58%,36%,22%,57%,41%,17%,62%,37%,24%,1.14,66.5%,5.0%,16.0%,11.1%,"$68,211",33.2%,20.6%,38.3%,Dense suburban
IL-9,"Schakowsky, Jan",D,D+41,D+37,D+18,71%,27%,44%,70%,25%,45%,65%,33%,32%,69%,30%,38%,0.95,71.2%,8.6%,8.0%,10.3%,"$68,686",52.7%,39.4%,28.0%,Urban-suburban mix
IL-10,"Schneider, Brad",D,D+27,D+21,D+10,64%,34%,30%,62%,33%,29%,58%,41%,16%,63%,36%,27%,1.06,70.1%,7.5%,12.8%,8.1%,"$77,213",44.2%,32.8%,30.9%,Sparse suburban
IL-11,"Foster, Bill",D,D+22,D+17,D+9,62%,36%,26%,59%,35%,24%,58%,41%,17%,61%,38%,24%,1.00,63.5%,12.3%,16.6%,6.1%,"$72,108",35.1%,24.0%,33.9%,Dense suburban
IL-12,"Bost, Mike",R,R+18,R+13,R+5,42%,56%,-14%,40%,55%,-15%,50%,48%,2%,55%,44%,11%,1.06,79.5%,16.1%,2.3%,0.8%,"$47,214",22.4%,18.9%,61.2%,Rural-suburban mix
IL-13,"Davis, Rodney",R,R+8,R+8,R+3,47%,51%,-4%,44%,50%,-6%,49%,49%,0%,55%,44%,11%,1.00,83.4%,10.2%,2.4%,1.9%,"$50,373",30.4%,25.1%,58.3%,Rural-suburban mix
IL-14,"Underwood, Lauren",D,R+3,R+10,R+5,50%,48%,2%,45%,49%,-4%,44%,54%,-10%,51%,48%,3%,1.02,85.1%,3.1%,7.4%,3.5%,"$90,082",40.0%,34.1%,48.6%,Sparse suburban
IL-15,"Miller, Mary",R,R+50,R+45,R+21,26%,72%,-46%,25%,71%,-46%,34%,64%,-30%,43%,55%,-13%,1.08,92.7%,4.1%,1.8%,0.4%,"$50,821",19.2%,18.2%,74.5%,Pure rural
IL-16,"Kinzinger, Adam",R,R+20,R+18,R+8,41%,57%,-16%,38%,56%,-17%,45%,53%,-8%,50%,48%,2%,1.09,88.5%,3.7%,5.7%,1.0%,"$58,129",21.9%,19.7%,68.2%,Rural-suburban mix
IL-17,"Bustos, Cheri",D,R+5,D+1,D+3,48%,50%,-2%,47%,47%,-1%,58%,41%,17%,60%,39%,22%,0.95,82.3%,10.2%,5.4%,0.8%,"$46,751",18.9%,16.7%,64.6%,Rural-suburban mix
IL-18,"LaHood, Darin",R,R+29,R+30,R+15,37%,61%,-24%,33%,61%,-27%,37%,61%,-23%,44%,54%,-10%,0.91,92.2%,3.7%,1.9%,1.2%,"$62,337",32.2%,28.7%,62.6%,Rural-suburban mix
IN-1,"Mrvan, Frank",D,D+7,D+15,D+8,54%,45%,9%,54%,42%,13%,61%,37%,24%,63%,36%,28%,1.02,67.9%,18.3%,11.9%,0.9%,"$54,925",22.5%,17.2%,50.6%,Sparse suburban
IN-2,"Walorski, Jackie",R,R+24,R+21,R+11,39%,59%,-21%,36%,59%,-23%,42%,56%,-14%,50%,49%,0%,1.20,86.7%,6.3%,4.6%,0.8%,"$50,295",21.4%,19.2%,65.7%,Rural-suburban mix
IN-3,"Banks, Jim",R,R+34,R+33,R+18,34%,64%,-30%,30%,65%,-35%,36%,63%,-27%,43%,56%,-13%,0.99,88.5%,5.7%,3.2%,1.2%,"$51,784",22.4%,20.3%,66.8%,Rural-suburban mix
IN-4,"Baird, Jim",R,R+34,R+32,R+17,34%,64%,-30%,30%,64%,-34%,37%,61%,-24%,45%,54%,-10%,0.99,91.1%,3.6%,2.9%,1.2%,"$55,420",25.5%,22.6%,66.5%,Rural-suburban mix
IN-5,"Spartz, Victoria",R,R+8,R+15,R+9,48%,50%,-2%,41%,53%,-12%,41%,58%,-17%,47%,53%,-6%,1.02,86.0%,8.1%,2.4%,2.0%,"$67,341",44.9%,38.5%,45.8%,Sparse suburban
IN-6,"Pence, Greg",R,R+43,R+36,R+18,29%,69%,-40%,27%,68%,-40%,37%,60%,-23%,44%,55%,-11%,1.14,94.3%,2.6%,1.4%,0.5%,"$50,994",20.8%,18.9%,74.4%,Pure rural
IN-7,"Carson, Andre",D,D+23,D+23,D+11,63%,35%,28%,59%,36%,23%,63%,35%,28%,66%,33%,34%,1.06,63.0%,29.6%,4.0%,1.3%,"$41,211",22.8%,16.4%,43.3%,Dense suburban
IN-8,"Bucshon, Larry",R,R+35,R+30,R+15,33%,65%,-32%,31%,65%,-34%,40%,58%,-19%,48%,51%,-3%,1.07,92.7%,3.9%,1.3%,0.6%,"$49,193",20.6%,19.2%,73.3%,Rural-suburban mix
IN-9,"Hollingsworth, Trey",R,R+27,R+25,R+13,37%,61%,-24%,34%,61%,-27%,41%,57%,-17%,46%,53%,-7%,0.91,93.0%,2.6%,1.9%,1.0%,"$53,862",25.9%,23.4%,68.6%,Rural-suburban mix
KS-1,"Mann, Tracey",R,R+47,R+45,R+24,28%,70%,-42%,24%,69%,-45%,28%,70%,-43%,31%,67%,-36%,1.01,85.3%,3.1%,8.6%,1.0%,"$49,608",24.3%,21.9%,60.3%,Pure rural
KS-2,"LaTurner, Jake",R,R+20,R+17,R+10,41%,56%,-15%,37%,56%,-18%,42%,56%,-14%,45%,53%,-8%,1.04,86.5%,4.6%,4.4%,0.8%,"$52,031",28.4%,25.3%,61.1%,Pure rural
KS-3,"Davids, Sharice",D,D+4,R+3,R+4,54%,44%,11%,47%,46%,1%,44%,54%,-10%,49%,50%,-1%,0.96,81.1%,8.6%,5.6%,2.7%,"$71,268",46.5%,39.7%,37.0%,Dense suburban
KS-4,"Estes, Ron",R,R+27,R+27,R+15,38%,60%,-22%,33%,60%,-27%,36%,62%,-26%,40%,59%,-19%,1.08,81.0%,6.6%,7.1%,2.5%,"$52,955",28.9%,25.0%,54.3%,Sparse suburban
KY-1,"Comer, James",R,R+48,R+40,R+23,26%,73%,-48%,24%,72%,-49%,32%,66%,-34%,37%,62%,-25%,1.00,90.0%,7.0%,1.6%,0.3%,"$40,902",16.2%,14.8%,75.3%,Pure rural
KY-2,"Guthrie, Brett",R,R+38,R+32,R+19,31%,68%,-37%,28%,68%,-40%,35%,63%,-28%,37%,62%,-24%,0.90,90.5%,5.4%,1.7%,0.7%,"$48,902",19.9%,18.0%,72.2%,Pure rural
KY-3,"Yarmuth, John",D,D+20,D+18,D+6,60%,38%,22%,55%,40%,15%,56%,43%,13%,56%,43%,13%,0.88,74.1%,20.4%,2.4%,1.5%,"$51,316",31.4%,25.4%,47.3%,Dense suburban
KY-4,"Massie, Thomas",R,R+33,R+30,R+18,33%,65%,-31%,29%,65%,-36%,35%,63%,-29%,37%,62%,-25%,0.93,93.2%,3.3%,1.4%,0.7%,"$59,478",27.2%,25.3%,66.8%,Rural-suburban mix
KY-5,"Rogers, Hal",R,R+61,R+55,R+31,19%,80%,-62%,18%,80%,-62%,23%,75%,-52%,32%,67%,-35%,1.11,96.6%,1.5%,0.7%,0.2%,"$31,899",12.9%,12.4%,84.1%,Pure rural
KY-6,"Barr, Andy",R,R+11,R+11,R+9,45%,54%,-9%,39%,55%,-15%,42%,56%,-14%,45%,54%,-9%,0.93,87.3%,8.4%,1.7%,0.9%,"$50,452",30.8%,27.1%,58.1%,Rural-suburban mix
LA-1,"Scalise, Steve",R,R+41,R+43,R+24,30%,68%,-38%,27%,69%,-42%,27%,71%,-44%,25%,73%,-47%,0.98,77.5%,13.0%,5.5%,1.6%,"$57,771",29.7%,24.7%,51.2%,Rural-suburban mix
LA-2,"Carter, Troy",D,D+51,D+52,D+25,75%,23%,52%,75%,22%,52%,76%,23%,53%,73%,25%,48%,0.81,31.5%,61.7%,3.7%,2.0%,"$38,507",22.8%,11.7%,20.8%,Dense suburban
LA-3,"Higgins, Clay",R,R+39,R+37,R+20,30%,68%,-38%,29%,67%,-38%,32%,66%,-34%,34%,64%,-30%,0.89,71.7%,23.7%,2.1%,1.0%,"$48,130",20.9%,17.1%,54.5%,Rural-suburban mix
LA-4,"Johnson, Mike",R,R+26,R+23,R+13,37%,62%,-25%,37%,61%,-24%,40%,59%,-19%,40%,59%,-19%,1.01,61.6%,33.2%,2.6%,0.7%,"$41,017",19.9%,14.3%,48.0%,Pure rural
LA-5,"Letlow, Julia",R,R+31,R+28,R+15,34%,65%,-30%,34%,64%,-29%,38%,61%,-23%,37%,62%,-25%,0.77,62.9%,34.2%,1.4%,0.4%,"$36,731",17.6%,13.3%,50.8%,Pure rural
LA-6,"Graves, Garret",R,R+32,R+34,R+19,34%,64%,-29%,31%,65%,-34%,32%,66%,-34%,31%,68%,-37%,0.95,71.9%,22.6%,2.5%,1.5%,"$61,097",28.9%,21.9%,49.4%,Rural-suburban mix
MA-1,"Neal, Richard",D,D+24,D+21,D+12,61%,37%,24%,57%,37%,21%,64%,34%,30%,64%,34%,30%,1.26,78.2%,5.6%,14.0%,1.4%,"$55,577",29.2%,25.6%,53.1%,Sparse suburban
MA-2,"McGovern, Jim",D,D+25,D+17,D+9,62%,36%,26%,56%,37%,19%,59%,39%,20%,60%,38%,23%,1.21,84.4%,3.9%,7.3%,3.4%,"$66,319",37.9%,32.0%,50.0%,Rural-suburban mix
MA-3,"Trahan, Lori",D,D+28,D+18,D+9,63%,35%,29%,58%,35%,23%,57%,41%,16%,59%,39%,19%,1.20,76.0%,3.0%,14.4%,5.8%,"$74,586",37.5%,30.2%,42.4%,Sparse suburban
MA-4,"Auchincloss, Jake",D,D+30,D+19,D+9,65%,34%,31%,59%,35%,24%,57%,41%,16%,60%,38%,23%,1.23,88.5%,2.6%,3.4%,3.9%,"$95,353",50.3%,43.1%,43.7%,Sparse suburban
MA-5,"Clark, Katherine",D,D+50,D+37,D+18,75%,24%,51%,69%,26%,44%,65%,33%,32%,66%,32%,34%,0.92,80.9%,4.2%,6.0%,7.3%,"$90,564",56.0%,43.7%,31.8%,Urban-suburban mix
MA-6,"Moulton, Seth",D,D+25,D+13,D+6,63%,36%,27%,56%,38%,18%,55%,44%,11%,57%,41%,16%,1.24,88.3%,2.6%,5.2%,3.0%,"$84,446",43.6%,38.7%,46.7%,Sparse suburban
MA-7,"Pressley, Ayanna",D,D+74,D+68,D+34,85%,13%,72%,84%,12%,72%,83%,16%,67%,82%,17%,65%,0.92,51.9%,24.5%,14.4%,7.7%,"$59,649",43.1%,28.1%,16.8%,Pure urban
MA-8,"Lynch, Stephen",D,D+33,D+20,D+10,66%,32%,34%,60%,34%,26%,58%,41%,17%,58%,41%,17%,1.14,80.0%,8.0%,4.5%,5.6%,"$83,928",45.9%,37.5%,39.3%,Dense suburban
MA-9,"Keating, Bill",D,D+17,D+8,D+4,58%,40%,18%,53%,42%,11%,56%,43%,12%,58%,41%,17%,1.24,90.3%,2.3%,3.4%,1.0%,"$67,064",34.3%,32.1%,57.4%,Sparse suburban
MD-1,"Harris, Andy",R,R+28,R+30,R+14,39%,59%,-20%,33%,62%,-29%,38%,60%,-23%,38%,60%,-21%,0.97,83.6%,11.5%,2.0%,1.6%,"$71,900",31.0%,26.9%,56.2%,Rural-suburban mix
MD-2,"Ruppersberger, Dutch",D,D+26,D+22,D+11,66%,32%,33%,60%,36%,24%,63%,35%,28%,61%,38%,23%,0.87,57.9%,32.5%,3.7%,3.8%,"$66,387",31.5%,17.5%,38.5%,Dense suburban
MD-3,"Sarbanes, John",D,D+32,D+25,D+13,69%,29%,39%,63%,32%,31%,61%,37%,24%,60%,38%,22%,0.89,66.5%,20.9%,4.8%,5.7%,"$84,243",47.3%,32.8%,30.4%,Dense suburban
MD-4,"Brown, Anthony",D,D+54,D+54,D+28,79%,19%,60%,77%,20%,58%,78%,21%,57%,77%,22%,56%,0.85,31.4%,58.2%,5.9%,2.7%,"$79,163",32.8%,13.4%,15.0%,Dense suburban
MD-5,"Hoyer, Steny",D,D+32,D+29,D+16,69%,30%,39%,64%,32%,32%,66%,32%,34%,65%,34%,32%,0.83,50.6%,39.3%,4.4%,3.3%,"$95,144",34.5%,17.3%,31.0%,Sparse suburban
MD-6,"Trone, David",D,D+16,D+11,D+6,61%,38%,23%,55%,40%,15%,55%,43%,12%,56%,42%,14%,0.95,68.5%,12.9%,7.8%,9.0%,"$77,595",41.9%,26.4%,36.9%,Sparse suburban
MD-7,"Mfume, Kweisi",D,D+53,D+52,D+26,78%,20%,58%,76%,20%,56%,76%,22%,54%,76%,22%,54%,0.65,36.6%,54.6%,2.3%,4.7%,"$60,903",37.7%,20.9%,15.1%,Urban-suburban mix
MD-8,"Raskin, Jamie",D,D+34,D+28,D+14,69%,29%,40%,65%,31%,34%,62%,36%,26%,63%,36%,27%,0.81,70.3%,11.5%,8.2%,8.1%,"$100,728",54.4%,38.4%,25.2%,Dense suburban
ME-1,"Pingree, Chellie",D,D+18,D+13,D+8,60%,37%,23%,54%,39%,15%,60%,38%,21%,61%,38%,23%,1.22,95.2%,0.9%,1.3%,1.1%,"$60,757",36.9%,35.3%,59.6%,Rural-suburban mix
ME-2,"Golden, Jared",D,R+11,R+8,R+2,45%,52%,-8%,41%,51%,-10%,53%,44%,9%,55%,43%,11%,1.16,95.9%,0.5%,1.0%,0.4%,"$46,534",23.4%,22.4%,73.4%,Pure rural
MI-1,"Bergman, Jack",R,R+22,R+14,R+9,41%,58%,-17%,37%,58%,-21%,45%,54%,-8%,50%,48%,1%,1.16,92.7%,1.7%,1.2%,0.4%,"$46,722",24.6%,23.6%,69.4%,Pure rural
MI-2,"Huizenga, Bill",R,R+17,R+13,R+9,43%,55%,-12%,38%,56%,-18%,43%,56%,-13%,48%,50%,-2%,1.09,85.0%,6.0%,5.6%,1.5%,"$52,919",25.4%,22.9%,60.8%,Rural-suburban mix
MI-3,"Meijer, Peter",R,R+9,R+6,R+6,47%,51%,-3%,42%,52%,-9%,46%,53%,-7%,50%,49%,1%,1.10,85.3%,8.1%,3.8%,1.1%,"$56,063",30.7%,27.7%,56.2%,Rural-suburban mix
MI-4,"Moolenaar, John",R,R+27,R+17,R+10,37%,61%,-24%,35%,60%,-25%,46%,54%,-8%,50%,49%,1%,1.22,93.3%,1.9%,2.4%,0.5%,"$47,910",21.4%,19.9%,73.8%,Pure rural
MI-5,"Kildee, Dan",D,D+1,D+13,D+5,51%,47%,4%,50%,46%,4%,61%,38%,22%,63%,35%,28%,1.07,77.3%,16.3%,3.9%,0.7%,"$43,583",19.3%,16.1%,62.2%,Sparse suburban
MI-6,"Upton, Fred",R,R+9,R+3,R+4,47%,51%,-5%,43%,51%,-8%,49%,50%,-1%,53%,45%,8%,1.08,85.6%,7.6%,3.5%,1.0%,"$51,189",27.3%,24.0%,61.4%,Rural-suburban mix
MI-7,"Walberg, Tim",R,R+19,R+10,R+7,41%,57%,-16%,39%,56%,-17%,48%,51%,-3%,51%,47%,3%,1.08,90.4%,4.2%,3.2%,0.6%,"$56,536",23.8%,21.7%,68.7%,Pure rural
MI-8,"Slotkin, Elissa",D,R+6,R+3,R+4,49%,50%,-1%,44%,51%,-7%,48%,51%,-3%,52%,46%,6%,1.04,86.9%,5.2%,3.7%,2.3%,"$67,499",40.2%,34.3%,51.5%,Sparse suburban
MI-9,"Levin, Andy",D,D+8,D+13,D+4,56%,43%,13%,52%,44%,8%,57%,42%,15%,58%,40%,18%,1.06,81.2%,12.0%,1.8%,3.0%,"$55,369",29.7%,24.6%,57.0%,Dense suburban
MI-10,"McClain, Lisa",R,R+34,R+23,R+13,34%,64%,-30%,32%,64%,-32%,44%,55%,-12%,48%,50%,-2%,1.06,92.3%,2.9%,2.1%,1.2%,"$61,055",23.1%,21.0%,71.1%,Rural-suburban mix
MI-11,"Stevens, Haley",D,R+2,R+2,R+4,52%,47%,5%,45%,50%,-4%,47%,52%,-5%,50%,48%,2%,1.05,85.5%,5.4%,2.1%,5.4%,"$79,781",46.6%,36.2%,45.6%,Sparse suburban
MI-12,"Dingell, Debbie",D,D+25,D+31,D+14,64%,34%,30%,61%,35%,26%,66%,33%,33%,67%,31%,36%,1.02,79.5%,10.5%,4.3%,3.2%,"$56,293",34.0%,26.3%,52.5%,Dense suburban
MI-13,"Tlaib, Rashida",D,D+56,D+65,D+32,79%,20%,59%,79%,18%,61%,85%,14%,71%,85%,14%,71%,0.84,37.0%,56.4%,3.9%,0.8%,"$33,455",15.0%,6.9%,30.7%,Dense suburban
MI-14,"Lawrence, Brenda",D,D+57,D+63,D+30,80%,20%,60%,79%,18%,61%,81%,19%,62%,82%,17%,65%,0.84,33.4%,58.8%,2.9%,2.6%,"$44,197",30.3%,16.0%,18.6%,Dense suburban
MN-1,"Hagedorn, Jim",R,R+15,R+12,R+5,44%,54%,-10%,38%,53%,-15%,50%,48%,1%,51%,47%,4%,1.15,92.4%,2.0%,2.9%,1.5%,"$59,989",27.8%,25.6%,64.3%,Rural-suburban mix
MN-2,"Craig, Angie",D,D+1,R+3,R+2,52%,46%,7%,45%,47%,-1%,49%,49%,0%,51%,48%,3%,1.10,87.9%,3.5%,3.1%,3.6%,"$80,403",38.2%,34.1%,51.8%,Sparse suburban
MN-3,"Phillips, Dean",D,D+13,D+4,D+1,59%,39%,19%,51%,41%,9%,50%,49%,1%,51%,47%,4%,0.90,86.2%,5.1%,1.9%,5.0%,"$85,012",48.2%,41.7%,41.3%,Sparse suburban
MN-4,"McCollum, Betty",D,D+32,D+28,D+14,68%,31%,37%,62%,31%,31%,63%,36%,27%,63%,36%,27%,1.00,77.6%,8.0%,3.8%,8.0%,"$66,041",42.9%,36.2%,38.8%,Dense suburban
MN-5,"Omar, Ilhan",D,D+57,D+51,D+26,80%,18%,63%,74%,19%,55%,74%,24%,50%,73%,25%,49%,0.81,74.8%,13.3%,3.5%,4.4%,"$58,693",44.7%,37.7%,33.0%,Urban-suburban mix
MN-6,"Emmer, Tom",R,R+25,R+24,R+12,39%,59%,-20%,33%,59%,-26%,42%,57%,-15%,43%,55%,-12%,1.02,93.2%,1.8%,1.6%,1.8%,"$76,698",29.6%,27.6%,64.9%,Rural-suburban mix
MN-7,"Fischbach, Michelle",R,R+33,R+26,R+12,34%,64%,-29%,31%,62%,-31%,44%,54%,-10%,47%,50%,-3%,1.11,93.1%,0.8%,2.3%,0.5%,"$54,863",21.8%,20.8%,71.6%,Pure rural
MN-8,"Stauber, Pete",R,R+18,R+11,R+4,42%,56%,-15%,39%,54%,-16%,52%,46%,6%,53%,45%,9%,1.04,93.8%,0.9%,1.2%,0.5%,"$53,950",23.0%,22.1%,72.0%,Pure rural
MO-1,"Bush, Cori",D,D+56,D+54,D+29,80%,18%,62%,77%,19%,58%,80%,19%,61%,80%,19%,62%,0.76,46.3%,47.9%,1.9%,1.7%,"$43,445",31.1%,20.1%,26.6%,Dense suburban
MO-2,"Wagner, Ann",R,R+8,R+17,R+8,49%,49%,0%,42%,53%,-10%,41%,57%,-16%,46%,53%,-6%,0.89,90.7%,3.7%,1.6%,2.7%,"$79,339",48.8%,43.2%,46.0%,Dense suburban
MO-3,"Luetkemeyer, Blaine",R,R+41,R+40,R+18,31%,67%,-36%,28%,67%,-39%,36%,62%,-26%,43%,56%,-13%,1.10,93.2%,3.2%,1.6%,0.6%,"$60,476",25.3%,23.3%,69.7%,Rural-suburban mix
MO-4,"Hartzler, Vicki",R,R+39,R+37,R+17,32%,66%,-34%,29%,65%,-36%,36%,61%,-25%,42%,57%,-15%,1.11,89.5%,4.6%,2.6%,0.9%,"$48,015",24.7%,22.0%,67.6%,Pure rural
MO-5,"Cleaver, Emanuel",D,D+12,D+10,D+7,58%,40%,19%,54%,41%,14%,59%,39%,20%,62%,37%,25%,0.94,70.5%,21.0%,4.9%,1.3%,"$48,178",27.2%,21.9%,47.5%,Dense suburban
MO-6,"Graves, Sam",R,R+34,R+34,R+16,35%,63%,-28%,32%,63%,-31%,38%,60%,-22%,43%,55%,-12%,1.02,90.7%,3.9%,2.8%,0.8%,"$57,614",27.4%,25.0%,65.3%,Rural-suburban mix
MO-7,"Long, Billy",R,R+48,R+48,R+23,28%,70%,-42%,25%,70%,-46%,30%,68%,-37%,35%,63%,-28%,0.93,92.2%,1.7%,2.5%,0.8%,"$44,601",24.0%,22.4%,68.9%,Rural-suburban mix
MO-8,"Smith, Jason",R,R+60,R+53,R+24,21%,77%,-56%,21%,75%,-54%,32%,66%,-34%,38%,60%,-22%,1.08,92.4%,4.4%,1.3%,0.2%,"$40,529",15.7%,14.7%,77.8%,Pure rural
MS-1,"Kelly, Trent",R,R+35,R+29,R+16,34%,65%,-31%,32%,65%,-33%,37%,62%,-25%,37%,62%,-26%,0.85,70.5%,26.9%,1.5%,0.5%,"$44,819",19.9%,15.8%,54.8%,Pure rural
MS-2,"Thompson, Bennie",D,D+25,D+31,D+14,64%,35%,29%,64%,35%,29%,66%,33%,33%,64%,35%,29%,0.97,33.7%,64.2%,1.1%,0.3%,"$34,074",18.7%,8.7%,26.5%,Pure rural
MS-3,"Guest, Michael",R,R+26,R+22,R+13,39%,60%,-22%,37%,61%,-25%,39%,60%,-21%,38%,61%,-22%,0.73,62.7%,34.2%,1.1%,0.6%,"$44,530",25.6%,19.3%,43.7%,Pure rural
MS-4,"Palazzo, Steven",R,R+42,R+39,R+21,30%,68%,-38%,28%,69%,-41%,31%,68%,-36%,31%,68%,-37%,0.92,72.5%,22.5%,2.4%,1.1%,"$44,782",20.9%,16.6%,56.1%,Rural-suburban mix
MT-1,"Rosendale, Matt",R,R+20,R+18,R+11,41%,57%,-16%,36%,57%,-21%,42%,55%,-14%,47%,50%,-2%,0.95,89.3%,0.4%,2.7%,0.5%,"$50,801",30.7%,28.8%,61.0%,Pure rural
NC-1,"Butterfield, G.K.",D,D+7,D+11,,54%,45%,9%,55%,44%,11%,57%,42%,15%,57%,43%,14%,,,,,,,,,,
NC-2,"Ross, Deborah",D,D+26,D+20,,64%,34%,30%,60%,36%,24%,57%,42%,15%,59%,41%,18%,,,,,,,,,,
NC-3,"Murphy, Greg",R,R+26,R+23,,38%,61%,-23%,37%,61%,-25%,41%,59%,-18%,43%,57%,-15%,,,,,,,,,,
NC-4,"Price, David",D,D+31,D+30,,67%,32%,34%,65%,32%,33%,63%,36%,28%,65%,35%,30%,,,,,,,,,,
NC-5,"Foxx, Virginia",R,R+39,R+35,,32%,67%,-36%,30%,67%,-37%,36%,63%,-28%,38%,62%,-24%,,,,,,,,,,
NC-6,"Manning, Kathy",D,D+21,D+19,,62%,37%,24%,59%,38%,22%,58%,41%,18%,60%,40%,20%,,,,,,,,,,
NC-7,"Rouzer, David",R,R+21,R+19,,41%,58%,-17%,39%,59%,-20%,42%,57%,-15%,44%,56%,-12%,,,,,,,,,,
NC-8,"Hudson, Richard",R,R+10,R+8,,46%,53%,-6%,44%,53%,-9%,47%,52%,-5%,48%,52%,-4%,,,,,,,,,,
NC-9,"Bishop, Dan",R,R+11,R+11,,46%,53%,-8%,43%,54%,-10%,44%,55%,-11%,46%,54%,-8%,,,,,,,,,,
NC-10,"McHenry, Patrick",R,R+40,R+37,,31%,68%,-37%,30%,68%,-38%,34%,65%,-31%,37%,62%,-25%,,,,,,,,,,
NC-11,"Cawthorn, Madison",R,R+16,R+16,,43%,55%,-12%,40%,57%,-17%,44%,55%,-12%,46%,53%,-8%,,,,,,,,,,
NC-12,"Adams, Alma",D,D+38,D+36,,70%,29%,42%,67%,30%,38%,67%,33%,34%,67%,33%,35%,,,,,,,,,,
NC-13,"Budd, Ted",R,R+38,R+35,,32%,67%,-35%,31%,67%,-36%,34%,65%,-30%,37%,62%,-25%,,,,,,,,,,
ND-1,"Armstrong, Kelly",R,R+37,R+34,R+16,32%,66%,-34%,28%,64%,-36%,39%,59%,-20%,45%,53%,-9%,1.10,89.6%,1.6%,2.4%,0.6%,"$61,285",28.9%,26.6%,62.4%,Rural-suburban mix
NE-1,"Fortenberry, Jeff",R,R+21,R+21,R+11,41%,56%,-15%,36%,58%,-21%,41%,57%,-17%,44%,54%,-10%,1.00,89.1%,2.7%,4.5%,1.6%,"$57,047",30.8%,27.9%,58.6%,Rural-suburban mix
NE-2,"Bacon, Don",R,D+0,R+5,R+4,52%,46%,7%,46%,48%,-2%,46%,53%,-7%,50%,49%,1%,1.05,81.9%,9.1%,5.4%,1.5%,"$62,572",38.9%,34.0%,44.6%,Dense suburban
NE-3,"Smith, Adrian",R,R+57,R+51,R+27,22%,76%,-53%,20%,75%,-55%,28%,70%,-42%,31%,67%,-36%,0.89,90.7%,0.9%,6.2%,0.6%,"$51,735",21.7%,20.5%,67.9%,Pure rural
NH-1,"Pappas, Chris",D,R+1,R+3,R+2,52%,46%,6%,47%,48%,-2%,50%,49%,2%,53%,46%,6%,1.26,94.2%,1.1%,2.3%,1.2%,"$72,003",37.0%,34.4%,58.5%,Rural-suburban mix
NH-2,"Kuster, Annie",D,D+2,D+2,D+2,54%,45%,9%,49%,46%,2%,54%,45%,10%,56%,43%,13%,1.16,93.8%,1.1%,2.4%,1.4%,"$70,531",35.1%,32.2%,60.5%,Pure rural
NJ-1,"Norcross, Donald",D,D+22,D+22,D+13,62%,37%,26%,61%,36%,25%,65%,34%,31%,65%,34%,31%,1.05,68.8%,16.9%,9.5%,3.9%,"$67,666",30.5%,22.4%,45.2%,Dense suburban
NJ-2,"Van Drew, Jeff",R,R+7,R+5,R+1,48%,51%,-3%,46%,51%,-5%,54%,45%,8%,53%,46%,8%,1.11,73.1%,12.4%,10.1%,3.1%,"$62,007",25.5%,21.1%,49.7%,Rural-suburban mix
NJ-3,"Kim, Andy",D,R+5,R+7,R+2,49%,49%,0%,45%,51%,-6%,52%,47%,5%,51%,48%,3%,1.01,79.6%,10.3%,5.8%,2.8%,"$77,540",33.2%,26.5%,52.5%,Sparse suburban
NJ-4,"Smith, Chris",R,R+15,R+18,R+8,44%,55%,-11%,41%,56%,-15%,45%,54%,-10%,45%,54%,-8%,1.07,83.0%,6.4%,6.1%,3.6%,"$80,949",39.4%,33.1%,46.5%,Sparse suburban
NJ-5,"Gottheimer, Josh",D,R+0,R+6,R+3,52%,47%,5%,48%,49%,-1%,48%,51%,-3%,49%,51%,-2%,1.03,75.7%,5.1%,10.8%,7.9%,"$98,863",46.6%,33.6%,38.6%,Dense suburban
NJ-6,"Pallone, Frank",D,D+12,D+14,D+9,57%,42%,16%,56%,41%,16%,61%,37%,24%,58%,41%,18%,1.12,58.5%,11.3%,15.2%,14.1%,"$80,087",39.1%,19.7%,32.2%,Dense suburban
NJ-7,"Malinowski, Tom",D,D+4,R+6,R+3,54%,44%,10%,49%,48%,1%,46%,53%,-6%,47%,52%,-4%,1.07,78.8%,4.9%,8.1%,7.3%,"$109,061",52.2%,39.7%,34.7%,Sparse suburban
NJ-8,"Sires, Albio",D,D+46,D+51,D+27,72%,27%,45%,76%,22%,54%,78%,21%,58%,73%,26%,47%,1.00,34.2%,11.8%,47.2%,6.4%,"$57,012",31.6%,13.9%,14.9%,Pure urban
NJ-9,"Pascrell, Bill",D,D+24,D+29,D+16,62%,37%,25%,64%,33%,31%,68%,31%,38%,64%,35%,29%,0.98,47.1%,11.8%,30.0%,10.6%,"$64,936",33.1%,16.3%,26.2%,Pure urban
NJ-10,"Payne, Donald",D,D+65,D+70,D+36,84%,15%,69%,85%,13%,72%,88%,12%,76%,85%,15%,70%,0.94,22.9%,54.8%,15.6%,5.6%,"$50,413",28.4%,10.0%,11.9%,Pure urban
NJ-11,"Sherrill, Mikie",D,D+1,R+7,R+3,53%,46%,7%,48%,49%,-1%,47%,52%,-6%,47%,52%,-5%,1.04,79.5%,3.7%,8.3%,7.6%,"$107,027",52.8%,40.5%,35.8%,Sparse suburban
NJ-12,"Watson Coleman, Bonnie",D,D+32,D+29,D+16,67%,31%,36%,65%,32%,33%,67%,32%,34%,66%,33%,32%,0.96,57.5%,18.6%,10.8%,12.2%,"$83,770",44.0%,24.3%,27.2%,Dense suburban
NM-1,"Stansbury, Melanie",D,D+18,D+15,D+7,60%,37%,23%,52%,35%,17%,55%,40%,16%,60%,39%,21%,1.04,47.5%,2.8%,42.4%,1.9%,"$49,277",32.6%,21.5%,25.1%,Dense suburban
NM-2,"Herrell, Yvette",R,R+14,R+10,R+6,43%,55%,-12%,40%,50%,-10%,45%,52%,-7%,48%,50%,-2%,1.23,45.2%,2.0%,46.1%,0.6%,"$42,508",20.6%,13.4%,30.4%,Rural-suburban mix
NM-3,"Leger Fernandez, Teresa",D,D+14,D+15,D+8,58%,40%,18%,52%,37%,15%,58%,39%,19%,61%,38%,24%,0.99,42.7%,1.5%,36.2%,0.9%,"$48,925",27.1%,18.1%,25.2%,Pure rural
NV-1,"Titus, Dina",D,D+22,D+26,D+15,62%,36%,25%,62%,33%,29%,66%,32%,33%,65%,33%,32%,0.98,46.0%,13.3%,28.3%,8.5%,"$40,225",15.2%,8.2%,30.7%,Urban-suburban mix
NV-2,"Amodei, Mark",R,R+16,R+15,R+7,44%,54%,-10%,40%,52%,-12%,45%,53%,-8%,49%,48%,1%,1.06,76.4%,2.0%,13.7%,3.5%,"$58,607",26.1%,21.6%,51.4%,Rural-suburban mix
NV-3,"Lee, Susie",D,R+5,R+5,R+2,49%,49%,0%,47%,48%,-1%,50%,49%,1%,54%,45%,9%,1.00,63.8%,6.8%,13.4%,12.2%,"$67,191",31.8%,20.6%,41.3%,Urban-suburban mix
NV-4,"Horsford, Steven",D,R+1,D+2,D+3,51%,47%,4%,50%,45%,5%,54%,44%,11%,56%,41%,15%,1.10,55.4%,15.9%,18.8%,5.9%,"$56,603",20.4%,13.1%,39.2%,Urban-suburban mix
NY-1,"Zeldin, Lee",R,R+10,R+10,R+5,47%,52%,-4%,42%,55%,-12%,50%,49%,1%,51%,48%,3%,1.01,82.3%,4.8%,9.0%,3.0%,"$90,378",35.3%,29.6%,49.9%,Sparse suburban
NY-2,"Garbarino, Andrew",R,R+8,R+7,R+3,47%,51%,-4%,44%,53%,-9%,52%,47%,4%,51%,48%,3%,1.03,71.0%,9.9%,15.5%,2.7%,"$94,336",29.9%,22.7%,43.5%,Dense suburban
NY-3,"Suozzi, Tom",D,D+6,D+3,D+1,55%,44%,10%,52%,46%,6%,51%,48%,3%,54%,46%,8%,1.05,75.7%,3.3%,7.2%,12.5%,"$108,136",52.0%,38.8%,32.6%,Dense suburban
NY-4,"Rice, Kathleen",D,D+9,D+9,D+4,56%,43%,12%,53%,44%,10%,56%,43%,14%,55%,44%,11%,0.92,65.6%,14.8%,12.8%,5.7%,"$100,387",41.4%,29.4%,31.4%,Urban-suburban mix
NY-5,"Meeks, Gregory",D,D+66,D+73,D+37,83%,16%,67%,86%,13%,73%,91%,9%,82%,86%,14%,72%,0.68,13.2%,52.4%,16.5%,12.1%,"$66,094",24.8%,4.2%,7.7%,Pure urban
NY-6,"Meng, Grace",D,D+25,D+32,D+16,62%,37%,24%,65%,32%,33%,68%,31%,37%,63%,36%,27%,1.01,43.3%,4.8%,18.2%,31.9%,"$61,648",35.7%,15.2%,21.5%,Pure urban
NY-7,"Velazquez, Nydia",D,D+66,D+75,D+38,82%,17%,65%,87%,10%,77%,88%,10%,78%,84%,15%,69%,0.81,35.4%,12.9%,36.6%,16.3%,"$52,724",32.3%,18.8%,12.0%,Pure urban
NY-8,"Jeffries, Hakeem",D,D+65,D+71,D+36,83%,17%,66%,85%,14%,71%,89%,10%,79%,86%,14%,72%,0.67,26.9%,54.2%,15.1%,4.4%,"$49,556",31.1%,13.8%,13.1%,Pure urban
NY-9,"Clarke, Yvette",D,D+63,D+68,D+34,81%,18%,64%,84%,14%,69%,85%,14%,71%,84%,15%,69%,0.56,35.1%,49.1%,10.0%,6.1%,"$53,047",36.8%,20.0%,12.7%,Pure urban
NY-10,"Nadler, Jerrold",D,D+53,D+54,D+26,76%,23%,53%,78%,19%,60%,74%,25%,49%,76%,23%,53%,0.85,67.6%,4.8%,11.0%,15.3%,"$87,826",60.4%,44.5%,19.2%,Pure urban
NY-11,"Malliotakis, Nicole",R,R+13,R+7,R+3,44%,55%,-11%,44%,54%,-10%,52%,47%,4%,48%,51%,-3%,1.12,67.1%,7.4%,13.2%,11.6%,"$69,192",34.2%,23.9%,40.2%,Pure urban
NY-12,"Maloney, Carolyn",D,D+67,D+63,D+31,84%,15%,69%,83%,14%,70%,77%,22%,55%,80%,19%,61%,0.82,70.5%,5.1%,12.3%,10.5%,"$100,828",72.0%,53.7%,13.7%,Pure urban
NY-13,"Espaillat, Adriano",D,D+77,D+85,D+43,88%,11%,77%,92%,5%,87%,95%,5%,90%,93%,6%,87%,0.77,17.5%,33.8%,47.8%,3.8%,"$39,490",30.5%,11.2%,4.7%,Pure urban
NY-14,"Ocasio-Cortez, Alexandria",D,D+48,D+57,D+29,73%,26%,47%,78%,20%,58%,81%,18%,62%,76%,23%,53%,0.85,31.3%,14.1%,40.0%,14.5%,"$54,753",25.9%,10.2%,15.7%,Pure urban
NY-15,"Torres, Ritchie",D,D+76,D+88,D+44,86%,13%,73%,94%,5%,89%,97%,3%,94%,95%,5%,90%,0.71,3.3%,36.6%,62.0%,1.8%,"$27,351",13.2%,0.7%,1.8%,Pure urban
NY-16,"Bowman, Jamaal",D,D+49,D+49,D+24,75%,24%,52%,75%,23%,53%,74%,26%,48%,73%,26%,47%,0.67,42.2%,33.0%,20.5%,4.5%,"$68,246",39.3%,22.2%,17.6%,Pure urban
NY-17,"Jones, Mondaire",D,D+17,D+17,D+7,60%,39%,20%,59%,38%,20%,57%,42%,15%,58%,41%,17%,0.77,68.9%,11.0%,14.0%,5.2%,"$95,454",45.7%,32.8%,29.2%,Sparse suburban
NY-18,"Maloney, Sean",D,R+0,R+2,R+1,52%,47%,5%,47%,49%,-2%,51%,47%,4%,52%,47%,5%,1.11,74.5%,9.5%,12.4%,2.4%,"$82,543",35.6%,28.1%,44.4%,Rural-suburban mix
NY-19,"Delgado, Anthony",D,R+4,R+4,R+2,50%,48%,2%,44%,51%,-7%,52%,46%,6%,53%,45%,8%,1.05,88.4%,4.1%,5.1%,1.1%,"$60,494",28.4%,25.6%,62.2%,Pure rural
NY-20,"Tonko, Paul",D,D+16,D+14,D+7,59%,39%,21%,54%,41%,14%,59%,39%,20%,58%,40%,18%,1.07,82.3%,8.5%,4.7%,2.8%,"$64,154",37.4%,31.7%,49.8%,Sparse suburban
NY-21,"Stefanik, Elise",R,R+14,R+9,R+4,44%,54%,-10%,40%,54%,-14%,52%,46%,6%,52%,47%,5%,1.32,91.5%,3.3%,2.8%,0.6%,"$53,402",23.2%,21.8%,70.2%,Pure rural
NY-22,"Tenney, Claudia",R,R+16,R+12,R+6,43%,55%,-12%,39%,55%,-16%,49%,49%,0%,49%,49%,0%,1.11,91.0%,3.6%,2.8%,1.5%,"$51,482",24.3%,22.4%,68.9%,Rural-suburban mix
NY-23,"Reed, Tom",R,R+15,R+12,R+6,43%,55%,-11%,40%,55%,-15%,48%,50%,-1%,50%,49%,1%,1.02,91.3%,2.9%,3.0%,1.2%,"$49,433",25.9%,23.4%,68.3%,Pure rural
NY-24,"Katko, John",R,D+4,D+6,D+3,53%,44%,9%,49%,45%,4%,57%,41%,16%,56%,42%,14%,0.98,86.4%,7.3%,3.2%,1.4%,"$55,603",30.4%,27.3%,59.1%,Rural-suburban mix
NY-25,"Morelle, Joseph",D,D+18,D+15,D+8,60%,38%,22%,56%,39%,16%,59%,39%,19%,59%,40%,19%,0.99,75.9%,14.0%,6.7%,2.2%,"$54,715",36.9%,31.7%,43.9%,Sparse suburban
NY-26,"Higgins, Brian",D,D+22,D+21,D+11,63%,36%,27%,58%,38%,20%,64%,34%,30%,63%,35%,28%,1.07,74.9%,16.8%,4.9%,1.8%,"$47,127",30.7%,25.3%,49.7%,Urban-suburban mix
NY-27,"Jacobs, Chris",R,R+21,R+22,R+11,41%,57%,-16%,35%,60%,-25%,43%,55%,-12%,44%,54%,-10%,1.17,93.5%,2.5%,1.9%,0.7%,"$63,010",29.5%,28.0%,65.3%,Pure rural
OH-1,"Chabot, Steve",R,R+8,R+8,R+5,48%,51%,-3%,45%,51%,-7%,46%,52%,-6%,47%,52%,-5%,0.95,74.2%,20.9%,1.5%,1.8%,"$55,897",33.9%,27.2%,45.6%,Sparse suburban
OH-2,"Wenstrup, Brad",R,R+18,R+16,R+9,43%,56%,-13%,40%,56%,-16%,44%,55%,-11%,44%,54%,-10%,1.07,87.9%,8.3%,1.3%,0.8%,"$54,888",31.1%,27.7%,59.8%,Rural-suburban mix
OH-3,"Beatty, Joyce",D,D+36,D+37,D+19,70%,28%,42%,67%,29%,38%,70%,29%,41%,67%,31%,36%,0.95,60.9%,30.8%,2.9%,2.2%,"$45,253",27.8%,18.8%,38.9%,Dense suburban
OH-4,"Jordan, Jim",R,R+39,R+29,R+14,31%,67%,-36%,31%,64%,-34%,42%,56%,-14%,44%,54%,-11%,1.11,90.2%,5.1%,2.6%,0.5%,"$51,697",17.6%,16.0%,74.4%,Rural-suburban mix
OH-5,"Latta, Bob",R,R+29,R+22,R+11,37%,62%,-25%,35%,60%,-25%,44%,54%,-10%,46%,52%,-6%,1.01,91.5%,2.7%,3.9%,0.8%,"$56,458",25.9%,23.8%,67.7%,Rural-suburban mix
OH-6,"Johnson, Bill",R,R+49,R+34,R+16,27%,72%,-46%,27%,69%,-43%,43%,55%,-13%,45%,53%,-8%,1.12,95.3%,2.4%,0.8%,0.3%,"$46,048",15.9%,15.2%,80.3%,Pure rural
OH-7,"Gibbs, Bob",R,R+35,R+25,R+12,33%,65%,-32%,33%,63%,-30%,44%,54%,-10%,47%,51%,-4%,1.04,93.1%,3.8%,1.3%,0.4%,"$52,532",19.9%,18.7%,74.2%,Rural-suburban mix
OH-8,"Davidson, Warren",R,R+38,R+33,R+17,33%,66%,-34%,31%,65%,-35%,36%,62%,-26%,38%,60%,-22%,1.03,90.0%,5.6%,1.7%,1.1%,"$55,913",23.9%,21.1%,67.9%,Rural-suburban mix
OH-9,"Kaptur, Marcy",D,D+16,D+25,D+14,59%,40%,19%,59%,37%,22%,68%,31%,37%,67%,32%,35%,1.02,73.6%,15.3%,8.5%,0.8%,"$42,346",21.8%,18.4%,56.2%,Dense suburban
OH-10,"Turner, Michael",R,R+9,R+7,R+4,47%,51%,-4%,44%,51%,-7%,48%,50%,-2%,49%,49%,0%,0.94,78.6%,16.5%,1.7%,1.3%,"$50,316",29.1%,23.7%,54.7%,Sparse suburban
OH-11,"Brown, Shontel",D,D+57,D+62,D+32,80%,19%,61%,81%,17%,64%,83%,17%,66%,82%,17%,65%,0.89,41.3%,52.2%,3.4%,1.5%,"$35,930",26.7%,17.3%,24.5%,Urban-suburban mix
OH-12,"Balderson, Troy",R,R+12,R+13,R+7,46%,52%,-6%,42%,53%,-11%,44%,54%,-11%,45%,54%,-9%,0.99,89.8%,4.4%,1.8%,2.1%,"$69,159",40.3%,34.9%,53.3%,Sparse suburban
OH-13,"Ryan, Tim",D,D+0,D+12,D+7,51%,48%,3%,51%,45%,7%,63%,35%,28%,62%,36%,27%,1.00,84.5%,10.9%,2.3%,0.6%,"$43,753",22.4%,19.9%,64.7%,Sparse suburban
OH-14,"Joyce, David",R,R+14,R+10,R+5,45%,54%,-9%,42%,54%,-12%,48%,51%,-3%,49%,49%,0%,1.01,91.7%,4.4%,1.6%,1.3%,"$64,870",34.3%,31.1%,60.0%,Sparse suburban
OH-15,"Carey, Mike",R,R+19,R+14,R+7,42%,56%,-14%,40%,55%,-15%,46%,52%,-6%,46%,52%,-6%,0.98,91.8%,3.9%,1.4%,1.4%,"$61,004",31.0%,27.6%,63.4%,Rural-suburban mix
OH-16,"Gonzalez, Anthony",R,R+19,R+16,R+8,42%,57%,-14%,40%,56%,-17%,45%,53%,-8%,47%,51%,-4%,1.13,93.7%,2.0%,1.7%,1.5%,"$64,625",33.0%,30.3%,62.9%,Sparse suburban
OK-1,"Hern, Kevin",R,R+28,R+28,R+17,37%,60%,-23%,33%,61%,-29%,34%,66%,-32%,36%,64%,-28%,1.01,73.5%,8.5%,4.7%,1.7%,"$52,927",29.7%,23.8%,47.6%,Sparse suburban
OK-2,"Mullin, Markwayne",R,R+56,R+43,R+24,22%,76%,-54%,23%,73%,-50%,32%,68%,-36%,34%,66%,-31%,0.92,69.8%,3.5%,2.7%,0.4%,"$41,089",16.8%,12.6%,58.3%,Pure rural
OK-3,"Lucas, Frank",R,R+55,R+49,R+27,23%,75%,-51%,21%,74%,-53%,26%,74%,-48%,27%,73%,-46%,0.97,80.2%,3.9%,5.5%,0.9%,"$50,439",22.5%,19.0%,60.1%,Pure rural
OK-4,"Cole, Tom",R,R+38,R+34,R+20,32%,66%,-34%,28%,66%,-37%,33%,67%,-34%,34%,66%,-32%,1.05,76.0%,6.7%,5.7%,1.8%,"$54,310",24.8%,19.6%,56.7%,Rural-suburban mix
OK-5,"Bice, Stephanie",R,R+11,R+13,R+10,46%,51%,-5%,40%,53%,-13%,41%,59%,-18%,41%,59%,-18%,0.89,67.9%,14.0%,7.2%,2.3%,"$49,560",30.1%,23.2%,41.4%,Dense suburban
OR-1,"Bonamici, Suzanne",D,D+23,D+17,D+9,63%,34%,29%,57%,35%,23%,57%,40%,17%,60%,38%,22%,1.09,81.6%,1.6%,7.6%,5.4%,"$70,350",40.2%,31.8%,44.8%,Dense suburban
OR-2,"Bentz, Cliff",R,R+19,R+23,R+11,42%,56%,-14%,36%,57%,-20%,41%,57%,-16%,43%,54%,-11%,1.03,87.2%,0.6%,7.2%,0.9%,"$48,797",24.2%,22.2%,62.9%,Rural-suburban mix
OR-3,"Blumenauer, Earl",D,D+46,D+44,D+24,74%,24%,51%,71%,23%,48%,72%,25%,47%,73%,24%,49%,0.87,79.5%,4.7%,6.1%,5.5%,"$60,395",39.8%,33.6%,42.8%,Urban-suburban mix
OR-4,"DeFazio, Peter",D,R+1,R+2,EVEN,51%,47%,4%,46%,46%,0%,52%,45%,7%,54%,43%,12%,1.02,89.0%,0.7%,4.6%,1.4%,"$46,558",26.5%,23.6%,64.6%,Rural-suburban mix
OR-5,"Schrader, Kurt",D,D+4.2,D+0.1,EVEN,54%,44%,10%,48%,44%,4%,51%,47%,3%,53%,44%,9%,1.00,84.5%,1.0%,8.4%,2.3%,"$59,704",30.0%,26.4%,54.8%,Dense suburban
PA-1,"Fitzpatrick, Brian",R,D+1,R+1,R+1,52%,47%,6%,49%,47%,2%,50%,49%,2%,54%,45%,9%,0.99,,,,,,,,,Sparse suburban
PA-2,"Boyle, Brendan",D,D+40,D+48,D+25,70%,29%,41%,73%,25%,48%,77%,22%,56%,73%,26%,47%,0.85,,,,,,,,,Pure urban
PA-3,"Evans, Dwight",D,D+80,D+81,D+41,91%,8%,83%,91%,7%,84%,92%,8%,84%,92%,8%,84%,0.49,,,,,,,,,Pure urban
PA-4,"Dean, Madeleine",D,D+19,D+15,D+7,62%,37%,24%,58%,39%,19%,56%,43%,13%,60%,40%,20%,1.05,,,,,,,,,Sparse suburban
PA-5,"Scanlon, Mary Gay",D,D+27,D+25,D+13,65%,34%,31%,63%,34%,28%,63%,36%,28%,63%,36%,27%,0.88,,,,,,,,,Urban-suburban mix
PA-6,"Houlahan, Chrissy",D,D+10,D+5,D+2,57%,42%,15%,53%,43%,9%,51%,48%,3%,56%,43%,12%,0.95,,,,,,,,,Sparse suburban
PA-7,"Wild, Susan",D,D+0,D+0,D+1,52%,47%,5%,49%,48%,1%,53%,46%,7%,57%,42%,15%,1.08,,,,,,,,,Sparse suburban
PA-8,"Cartwright, Matt",D,R+9,R+5,R+1,47%,52%,-4%,44%,53%,-10%,55%,43%,12%,57%,42%,14%,1.02,,,,,,,,,Rural-suburban mix
PA-9,"Meuser, Dan",R,R+35,R+31,R+14,34%,65%,-30%,31%,65%,-34%,41%,57%,-16%,46%,53%,-7%,1.07,,,,,,,,,Pure rural
PA-10,"Perry, Scott",R,R+8,R+11,R+6,48%,51%,-3%,43%,52%,-9%,46%,53%,-7%,49%,50%,-2%,1.03,,,,,,,,,Sparse suburban
PA-11,"Smucker, Lloyd",R,R+26,R+27,R+14,38%,60%,-22%,35%,61%,-26%,38%,61%,-23%,42%,57%,-15%,0.98,,,,,,,,,Sparse suburban
PA-12,"Keller, Fred",R,R+39,R+35,R+17,31%,67%,-36%,30%,66%,-36%,37%,62%,-25%,42%,57%,-15%,1.09,,,,,,,,,Pure rural
PA-13,"Joyce, John",R,R+48,R+45,R+22,27%,72%,-44%,26%,71%,-46%,32%,67%,-35%,37%,62%,-25%,1.00,,,,,,,,,Pure rural
PA-14,"Reschenthaler, Guy",R,R+31,R+28,R+14,36%,63%,-28%,34%,63%,-29%,41%,58%,-18%,45%,54%,-10%,1.08,,,,,,,,,Rural-suburban mix
PA-15,"Thompson, Glenn",R,R+47,R+41,R+20,28%,71%,-44%,27%,70%,-43%,36%,63%,-27%,43%,56%,-13%,1.26,,,,,,,,,Pure rural
PA-16,"Kelly, Mike",R,R+22,R+18,R+8,40%,59%,-19%,38%,58%,-20%,47%,52%,-5%,50%,49%,1%,1.08,,,,,,,,,Rural-suburban mix
PA-17,"Lamb, Conor",D,R+2,R+6,R+3,51%,48%,3%,47%,49%,-3%,47%,52%,-5%,49%,51%,-2%,0.94,,,,,,,,,Sparse suburban
PA-18,"Doyle, Michael",D,D+26,D+25,D+13,65%,34%,30%,62%,35%,28%,64%,35%,28%,63%,36%,28%,0.88,,,,,,,,,Urban-suburban mix
RI-1,"Cicilline, David",D,D+33,D+33,D+14,64%,35%,29%,61%,35%,26%,66%,32%,34%,67%,32%,35%,1.21,77.0%,7.0%,11.3%,2.4%,"$56,013",32.8%,27.1%,47.0%,Urban-suburban mix
RI-2,"Langevin, Jim",D,D+16,D+17,D+6,56%,43%,14%,51%,44%,7%,60%,38%,22%,60%,38%,22%,1.39,85.0%,3.6%,7.6%,2.1%,"$65,736",33.2%,29.5%,53.4%,Sparse suburban
SC-1,"Mace, Nancy",R,R+14,R+18,R+10,46%,52%,-6%,40%,54%,-13%,40%,58%,-18%,43%,56%,-13%,1.02,75.5%,18.3%,3.3%,1.4%,"$64,118",38.9%,33.3%,41.4%,Sparse suburban
SC-2,"Wilson, Joe",R,R+19,R+22,R+12,44%,55%,-11%,39%,56%,-18%,39%,59%,-20%,39%,60%,-20%,0.96,71.2%,23.1%,2.8%,1.3%,"$57,042",33.3%,25.9%,45.0%,Rural-suburban mix
SC-3,"Duncan, Jeff",R,R+44,R+39,R+19,31%,68%,-38%,29%,67%,-38%,34%,65%,-31%,35%,64%,-28%,0.96,77.9%,18.6%,2.0%,0.6%,"$44,345",21.0%,18.1%,58.8%,Pure rural
SC-4,"Timmons, William",R,R+28,R+29,R+15,39%,59%,-20%,35%,60%,-26%,36%,62%,-26%,38%,61%,-23%,0.87,74.2%,19.3%,3.6%,1.6%,"$51,198",30.7%,25.9%,46.5%,Sparse suburban
SC-5,"Norman, Ralph",R,R+23,R+19,R+9,41%,58%,-17%,39%,57%,-19%,44%,55%,-12%,44%,55%,-11%,0.95,68.6%,26.7%,2.3%,0.8%,"$48,044",23.2%,18.3%,50.5%,Pure rural
SC-6,"Clyburn, Jim",D,D+30,D+35,D+19,67%,32%,35%,67%,30%,37%,71%,28%,43%,70%,29%,41%,0.86,39.2%,56.6%,2.2%,0.6%,"$35,546",19.3%,10.3%,27.7%,Pure rural
SC-7,"Rice, Tom",R,R+25,R+19,R+9,40%,59%,-19%,39%,58%,-19%,44%,55%,-10%,45%,54%,-8%,1.03,68.4%,27.7%,1.7%,0.7%,"$42,536",20.8%,16.7%,51.9%,Rural-suburban mix
SD-1,"Johnson, Dusty",R,R+32,R+28,R+14,36%,62%,-26%,32%,62%,-30%,40%,58%,-18%,45%,53%,-9%,1.01,87.6%,1.1%,2.0%,0.6%,"$54,126",27.8%,25.8%,61.4%,Pure rural
TN-1,"Harshbarger, Diana",R,R+60,R+57,R+28,22%,76%,-54%,20%,77%,-57%,26%,73%,-47%,29%,70%,-41%,0.94,94.7%,2.2%,1.3%,0.4%,"$40,411",19.5%,18.3%,75.4%,Rural-suburban mix
TN-2,"Burchett, Tim",R,R+36,R+39,R+20,35%,64%,-29%,30%,65%,-35%,31%,67%,-36%,35%,64%,-30%,0.91,90.1%,5.8%,1.6%,0.9%,"$50,711",30.2%,27.2%,61.7%,Rural-suburban mix
TN-3,"Fleischmann, Chuck",R,R+38,R+36,R+18,33%,65%,-32%,30%,65%,-35%,35%,63%,-28%,37%,61%,-24%,1.01,85.5%,10.5%,1.8%,0.8%,"$45,751",22.9%,19.9%,65.0%,Rural-suburban mix
TN-4,"DesJarlais, Scott",R,R+43,R+42,R+20,31%,68%,-37%,27%,69%,-41%,33%,65%,-32%,36%,63%,-27%,1.11,85.4%,8.7%,2.6%,1.1%,"$51,166",22.6%,19.4%,64.5%,Rural-suburban mix
TN-5,"Cooper, Jim",D,D+17,D+13,D+7,60%,37%,24%,57%,38%,18%,56%,43%,13%,58%,41%,16%,0.88,68.1%,25.0%,3.2%,1.8%,"$52,985",36.7%,27.5%,38.0%,Sparse suburban
TN-6,"Rose, John",R,R+53,R+49,R+24,26%,73%,-47%,24%,73%,-49%,30%,69%,-40%,34%,65%,-31%,0.99,92.3%,4.1%,1.6%,0.6%,"$49,934",21.3%,19.4%,71.5%,Pure rural
TN-7,"Green, Mark",R,R+42,R+41,R+20,31%,67%,-36%,28%,68%,-39%,33%,66%,-33%,36%,62%,-26%,1.05,83.8%,10.1%,3.2%,1.2%,"$54,233",28.6%,24.7%,58.7%,Pure rural
TN-8,"Kustoff, David",R,R+38,R+38,R+19,33%,65%,-32%,31%,66%,-36%,33%,66%,-33%,35%,64%,-29%,1.11,76.3%,19.5%,1.8%,1.1%,"$55,777",28.9%,23.3%,53.0%,Rural-suburban mix
TN-9,"Cohen, Steve",D,D+53,D+54,D+28,79%,20%,59%,78%,20%,58%,78%,21%,57%,77%,23%,55%,0.88,28.8%,66.9%,2.0%,1.1%,"$39,067",23.6%,11.1%,17.6%,Dense suburban
TX-1,"Gohmert, Louie",R,R+50,R+51,R+25,27%,72%,-44%,25%,72%,-47%,28%,72%,-44%,30%,69%,-39%,1.01,70.7%,18.7%,8.6%,0.8%,"$47,282",20.6%,17.0%,51.5%,Pure rural
TX-2,"Crenshaw, Dan",R,R+9,R+21,R+11,49%,50%,-1%,43%,52%,-9%,36%,63%,-27%,37%,62%,-25%,0.96,58.7%,11.8%,21.0%,6.6%,"$75,989",40.8%,26.6%,26.5%,Dense suburban
TX-3,"Taylor, Van",R,R+11,R+25,R+13,49%,50%,-1%,41%,55%,-14%,34%,64%,-30%,37%,61%,-24%,1.04,68.3%,9.6%,10.0%,9.8%,"$90,604",53.2%,33.9%,28.2%,Dense suburban
TX-4,"Fallon, Pat",R,R+56,R+58,R+28,24%,74%,-50%,22%,75%,-54%,25%,74%,-49%,29%,70%,-41%,1.14,79.1%,10.8%,7.2%,0.7%,"$51,945",21.1%,17.8%,59.1%,Pure rural
TX-5,"Gooden, Lance",R,R+30,R+35,R+16,38%,61%,-23%,34%,63%,-28%,34%,65%,-30%,37%,62%,-25%,0.99,66.3%,16.2%,14.4%,1.4%,"$50,049",20.2%,15.0%,45.6%,Rural-suburban mix
TX-6,"Ellzey, Jake",R,R+11,R+20,R+9,48%,51%,-3%,42%,54%,-12%,41%,58%,-17%,42%,57%,-15%,0.98,58.6%,20.0%,15.3%,4.2%,"$64,748",29.5%,18.8%,37.2%,Dense suburban
TX-7,"Fletcher, Lizzie Pannill",D,D+1,R+12,R+7,54%,45%,9%,49%,47%,1%,39%,60%,-21%,40%,59%,-19%,1.06,55.6%,14.5%,19.1%,9.2%,"$73,591",49.2%,29.8%,18.7%,Urban-suburban mix
TX-8,"Brady, Kevin",R,R+50,R+56,R+28,28%,71%,-43%,24%,73%,-49%,22%,77%,-55%,26%,73%,-47%,1.01,73.8%,9.1%,13.2%,2.2%,"$66,893",29.9%,23.0%,46.8%,Rural-suburban mix
TX-9,"Green, Al",D,D+50,D+54,D+29,76%,23%,52%,79%,18%,61%,78%,21%,57%,76%,23%,53%,0.91,16.3%,48.1%,23.7%,11.2%,"$46,321",25.3%,6.1%,7.6%,Urban-suburban mix
TX-10,"McCaul, Michael",R,R+9,R+19,R+9,48%,50%,-2%,43%,52%,-9%,39%,59%,-20%,43%,56%,-13%,0.91,64.0%,11.6%,18.6%,4.3%,"$72,361",38.6%,27.1%,32.5%,Rural-suburban mix
TX-11,"Pfluger, August",R,R+64,R+64,R+32,20%,79%,-59%,19%,78%,-59%,20%,79%,-60%,23%,76%,-53%,0.90,64.9%,3.9%,29.3%,0.7%,"$54,570",20.7%,16.8%,46.1%,Rural-suburban mix
TX-12,"Granger, Kay",R,R+30,R+37,R+18,38%,61%,-23%,33%,63%,-30%,32%,67%,-35%,35%,64%,-29%,0.95,72.0%,8.5%,14.9%,2.7%,"$64,541",31.1%,24.1%,44.4%,Sparse suburban
TX-13,"Jackson, Ronny",R,R+66,R+68,R+33,19%,79%,-60%,17%,80%,-63%,19%,80%,-62%,22%,77%,-55%,1.04,73.1%,5.6%,18.1%,1.2%,"$50,854",20.2%,17.2%,52.8%,Rural-suburban mix
TX-14,"Weber, Randy",R,R+25,R+25,R+12,40%,59%,-19%,38%,58%,-20%,40%,59%,-20%,42%,57%,-15%,1.07,58.1%,21.1%,17.1%,2.4%,"$57,851",23.3%,16.3%,39.8%,Sparse suburban
TX-15,"Gonzalez, Vicente",D,D+2,D+11,D+7,50%,49%,2%,57%,40%,17%,57%,42%,16%,57%,42%,15%,1.14,22.4%,2.5%,73.6%,1.1%,"$42,713",19.3%,5.9%,13.3%,Sparse suburban
TX-16,"Escobar, Veronica",D,D+31,D+31,D+17,66%,32%,34%,68%,27%,41%,64%,35%,30%,64%,35%,29%,1.13,18.1%,4.6%,75.2%,1.2%,"$44,891",24.0%,6.3%,9.5%,Dense suburban
TX-17,"Sessions, Pete",R,R+18,R+25,R+12,44%,55%,-11%,39%,56%,-18%,38%,60%,-23%,41%,58%,-17%,1.00,64.8%,13.3%,17.4%,2.9%,"$51,151",29.7%,21.0%,38.7%,Rural-suburban mix
TX-18,"Jackson-Lee, Sheila",D,D+49,D+50,D+27,76%,23%,53%,77%,20%,57%,76%,23%,53%,77%,23%,54%,1.03,23.2%,46.3%,25.5%,3.9%,"$44,527",21.8%,10.0%,10.5%,Dense suburban
TX-19,"Arrington, Jodey",R,R+52,R+54,R+27,26%,72%,-46%,24%,73%,-49%,25%,74%,-49%,28%,71%,-43%,0.93,61.6%,6.3%,29.6%,1.0%,"$48,548",21.9%,17.6%,41.9%,Rural-suburban mix
TX-20,"Castro, Joaquin",D,D+23,D+18,D+10,64%,35%,29%,61%,34%,27%,59%,40%,19%,58%,41%,17%,1.14,26.1%,5.9%,64.6%,2.3%,"$50,355",24.1%,10.0%,14.6%,Dense suburban
TX-21,"Roy, Chip",R,R+10,R+20,R+10,48%,51%,-3%,43%,53%,-10%,38%,60%,-22%,42%,56%,-14%,0.85,68.7%,3.5%,23.8%,2.4%,"$67,354",45.4%,33.8%,33.4%,Dense suburban
TX-22,"Nehls, Troy",R,R+8,R+19,R+10,49%,50%,-1%,44%,52%,-8%,37%,62%,-25%,39%,60%,-21%,0.98,48.8%,14.5%,20.0%,15.1%,"$93,667",45.2%,21.0%,23.8%,Sparse suburban
TX-23,"Gonzales, Tony",R,R+5,R+4,R+1,49%,50%,-2%,50%,46%,3%,48%,51%,-3%,50%,49%,1%,1.10,31.0%,4.0%,62.7%,1.1%,"$52,162",21.5%,11.6%,17.2%,Rural-suburban mix
TX-24,"Van Duyne, Beth",R,R+4,R+17,R+9,52%,47%,5%,45%,51%,-6%,38%,60%,-22%,41%,58%,-17%,0.91,61.6%,12.4%,15.1%,8.5%,"$70,492",44.8%,26.8%,26.6%,Dense suburban
TX-25,"Williams, Roger",R,R+16,R+23,R+11,44%,54%,-10%,40%,55%,-15%,38%,60%,-22%,43%,56%,-13%,0.87,74.2%,7.3%,14.0%,2.2%,"$67,263",37.0%,29.7%,43.9%,Rural-suburban mix
TX-26,"Burgess, Michael",R,R+23,R+36,R+18,42%,56%,-14%,34%,61%,-27%,31%,68%,-37%,35%,64%,-29%,0.97,73.2%,8.0%,12.4%,4.1%,"$85,433",42.7%,31.3%,38.2%,Sparse suburban
TX-27,"Cloud, Michael",R,R+29,R+29,R+13,38%,61%,-24%,37%,60%,-24%,38%,61%,-22%,40%,59%,-19%,0.87,46.6%,5.5%,45.9%,1.1%,"$53,040",19.2%,12.5%,33.3%,Rural-suburban mix
TX-28,"Cuellar, Henry",D,D+4,D+15,D+9,52%,47%,4%,58%,39%,20%,60%,39%,22%,58%,41%,17%,1.17,23.8%,5.8%,68.5%,1.0%,"$46,733",18.0%,5.6%,15.2%,Sparse suburban
TX-29,"García, Sylvia",D,D+32,D+36,D+19,66%,33%,33%,71%,25%,46%,66%,33%,33%,62%,37%,25%,1.12,17.7%,16.5%,63.2%,2.0%,"$41,301",9.6%,2.6%,10.7%,Dense suburban
TX-30,"Johnson, Eddie Bernice",D,D+56,D+55,D+29,80%,19%,61%,79%,18%,61%,80%,20%,60%,78%,21%,57%,1.01,22.0%,52.5%,22.2%,2.0%,"$44,945",20.2%,7.9%,12.0%,Dense suburban
TX-31,"Carter, John",R,R+11,R+21,R+10,48%,50%,-3%,41%,54%,-13%,38%,60%,-21%,43%,56%,-13%,1.05,63.8%,11.6%,19.0%,3.3%,"$68,127",34.7%,24.2%,37.6%,Sparse suburban
TX-32,"Allred, Colin",D,D+2,R+10,R+5,54%,44%,10%,49%,47%,2%,42%,57%,-16%,44%,55%,-11%,0.93,62.8%,13.3%,14.4%,7.0%,"$68,084",43.2%,31.4%,25.0%,Dense suburban
TX-33,"Veasey, Marc",D,D+43,D+42,D+23,73%,26%,47%,73%,24%,49%,72%,27%,45%,69%,31%,38%,1.03,25.9%,24.8%,45.9%,2.4%,"$39,089",9.6%,4.1%,14.3%,Dense suburban
TX-34,"Vela, Filemon",D,D+5,D+16,D+10,52%,48%,4%,59%,38%,22%,61%,38%,23%,60%,39%,21%,1.34,19.6%,1.8%,77.9%,0.5%,"$37,568",15.4%,4.9%,13.1%,Rural-suburban mix
TX-35,"Doggett, Lloyd",D,D+31,D+26,D+15,68%,31%,37%,64%,31%,34%,63%,35%,28%,63%,35%,28%,1.03,34.0%,10.9%,52.5%,1.4%,"$45,959",19.9%,10.6%,19.5%,Dense suburban
TX-36,"Babin, Brian",R,R+51,R+52,R+26,27%,72%,-45%,25%,72%,-47%,26%,73%,-48%,30%,69%,-39%,0.92,71.0%,9.4%,16.3%,1.7%,"$58,115",18.7%,14.1%,53.6%,Rural-suburban mix
UT-1,"Moore, Blake",R,R+37,R+39,R+26,32%,64%,-33%,22%,50%,-27%,20%,77%,-57%,29%,68%,-38%,1.11,86.7%,1.0%,8.2%,1.3%,"$65,355",29.3%,26.9%,57.7%,Sparse suburban
UT-2,"Stewart, Chris",R,R+22,R+24,R+16,40%,56%,-16%,32%,46%,-14%,29%,68%,-39%,38%,59%,-20%,1.09,85.0%,0.9%,8.8%,1.8%,"$59,179",32.0%,28.2%,52.4%,Rural-suburban mix
UT-3,"Curtis, John",R,R+31,R+38,R+25,35%,60%,-25%,23%,47%,-24%,20%,78%,-59%,30%,68%,-38%,1.16,88.7%,0.5%,5.9%,1.3%,"$68,918",40.5%,36.5%,48.9%,Sparse suburban
UT-4,"Owens, Burgess",R,R+15,R+19,R+13,43%,52%,-9%,32%,39%,-7%,30%,67%,-37%,41%,56%,-15%,1.05,83.3%,1.3%,9.6%,2.4%,"$69,115",29.2%,24.8%,53.5%,Dense suburban
VA-1,"Wittman, Rob",R,R+11,R+10,R+8,47%,51%,-4%,41%,54%,-12%,43%,55%,-12%,44%,55%,-12%,0.91,72.6%,16.9%,5.6%,2.6%,"$83,367",35.7%,27.2%,43.8%,Rural-suburban mix
VA-2,"Luria, Elaine",D,R+2,R+1,R+3,51%,47%,5%,45%,49%,-3%,48%,51%,-2%,48%,51%,-3%,0.95,67.3%,19.8%,5.7%,4.5%,"$66,487",34.0%,25.1%,41.9%,Dense suburban
VA-3,"Scott, Bobby",D,D+31,D+35,D+16,67%,31%,36%,64%,32%,32%,68%,31%,36%,65%,34%,32%,0.95,45.8%,45.6%,4.2%,2.2%,"$52,131",25.8%,14.7%,31.6%,Dense suburban
VA-4,"McEachin, Donald",D,D+20,D+24,D+10,62%,37%,25%,59%,37%,22%,60%,39%,22%,60%,39%,21%,0.91,52.0%,41.3%,2.9%,1.6%,"$54,560",28.5%,18.9%,33.3%,Rural-suburban mix
VA-5,"Good, Bob",R,R+13,R+7,R+6,45%,54%,-9%,42%,53%,-11%,46%,53%,-7%,47%,52%,-5%,0.97,75.8%,19.8%,1.7%,1.1%,"$52,081",27.4%,23.4%,52.0%,Pure rural
VA-6,"Cline, Ben",R,R+26,R+21,R+13,39%,60%,-21%,35%,60%,-25%,40%,59%,-19%,41%,58%,-17%,1.01,84.4%,10.3%,2.6%,1.1%,"$51,875",26.9%,23.8%,59.4%,Rural-suburban mix
VA-7,"Spanberger, Abigail",D,R+5,R+5,R+6,50%,49%,1%,44%,51%,-7%,44%,55%,-11%,45%,54%,-9%,0.90,72.3%,18.7%,3.8%,3.2%,"$73,904",38.2%,29.1%,41.3%,Rural-suburban mix
VA-8,"Beyer, Don",D,D+51,D+49,D+21,78%,21%,57%,74%,21%,53%,68%,31%,37%,66%,33%,34%,0.90,63.2%,14.1%,10.5%,9.6%,"$103,414",61.5%,42.4%,13.0%,Urban-suburban mix
VA-9,"Griffith, Morgan",R,R+46,R+35,R+19,28%,70%,-42%,27%,69%,-42%,35%,63%,-28%,40%,59%,-19%,0.94,91.5%,5.4%,1.2%,0.8%,"$42,438",20.2%,18.4%,73.1%,Pure rural
VA-10,"Wexton, Jennifer",D,D+12,D+9,D+1,59%,40%,19%,52%,42%,10%,49%,50%,-1%,50%,50%,0%,1.00,71.0%,7.4%,7.7%,11.3%,"$119,874",54.9%,37.5%,27.8%,Sparse suburban
VA-11,"Connolly, Gerry",D,D+37,D+37,D+15,70%,28%,42%,67%,28%,39%,63%,36%,26%,61%,39%,22%,0.90,57.5%,13.9%,10.6%,15.1%,"$107,567",55.0%,33.1%,17.1%,Dense suburban
VT-1,"Welch, Peter",D,D+28,D+24,D+15,66%,31%,36%,57%,30%,26%,67%,31%,36%,68%,31%,37%,1.18,95.1%,0.9%,1.4%,0.8%,"$57,808",36.8%,34.9%,59.9%,Pure rural
WA-1,"DelBene, Suzan",D,D+14,D+14,D+6,59%,38%,21%,54%,38%,16%,54%,43%,11%,56%,42%,14%,1.03,83.0%,1.2%,5.0%,6.8%,"$90,029",42.8%,32.1%,45.8%,Sparse suburban
WA-2,"Larsen, Rick",D,D+20,D+22,D+10,62%,35%,27%,57%,35%,22%,59%,38%,21%,61%,38%,23%,1.05,79.7%,2.6%,6.0%,6.7%,"$64,663",30.9%,24.7%,51.8%,Dense suburban
WA-3,"Herrera Beutler, Jaime",R,R+10,R+6,R+4,47%,51%,-4%,43%,50%,-7%,48%,50%,-2%,51%,47%,4%,1.00,87.0%,1.4%,4.7%,2.8%,"$60,163",24.7%,21.4%,63.9%,Rural-suburban mix
WA-4,"Newhouse, Dan",R,R+25,R+23,R+13,40%,58%,-18%,35%,58%,-23%,38%,60%,-22%,39%,59%,-20%,1.26,71.8%,1.2%,21.1%,1.4%,"$53,381",20.1%,16.9%,47.4%,Rural-suburban mix
WA-5,"McMorris Rodgers, Cathy",R,R+16,R+12,R+8,44%,53%,-9%,39%,52%,-13%,44%,54%,-10%,46%,51%,-5%,1.17,88.1%,1.5%,4.4%,1.7%,"$50,693",28.9%,25.9%,61.8%,Rural-suburban mix
WA-6,"Kilmer, Derek",D,D+11,D+13,D+6,57%,40%,18%,52%,40%,12%,56%,41%,15%,57%,41%,16%,1.12,82.1%,3.5%,4.8%,3.5%,"$59,898",29.2%,25.3%,56.5%,Rural-suburban mix
WA-7,"Jayapal, Pramila",D,D+67,D+66,D+33,86%,12%,73%,82%,12%,70%,79%,18%,61%,80%,18%,62%,0.86,77.5%,3.6%,5.1%,8.8%,"$80,962",59.5%,47.2%,27.5%,Urban-suburban mix
WA-8,"Schrier, Kim",D,R+0,D+3,EVEN,52%,46%,7%,48%,45%,3%,50%,48%,2%,52%,47%,5%,1.15,80.4%,2.8%,6.4%,6.1%,"$79,632",33.7%,26.1%,50.8%,Sparse suburban
WA-9,"Smith, Adam",D,D+43,D+44,D+21,73%,25%,49%,71%,23%,47%,68%,30%,39%,69%,30%,39%,1.05,57.6%,10.7%,6.2%,19.2%,"$73,249",41.5%,24.5%,26.9%,Dense suburban
WA-10,"Strickland, Marilyn",D,D+9,D+13,D+5,56%,41%,16%,51%,40%,11%,56%,41%,15%,57%,41%,16%,1.07,73.6%,6.4%,7.1%,5.6%,"$61,351",27.6%,21.4%,50.9%,Dense suburban
WI-1,"Steil, Bryan",R,R+14,R+13,R+5,45%,54%,-9%,42%,53%,-10%,47%,52%,-4%,51%,48%,3%,0.95,86.3%,5.2%,6.0%,1.2%,"$62,769",28.1%,25.4%,60.0%,Sparse suburban
WI-2,"Pocan, Mark",D,D+35,D+33,D+18,69%,29%,40%,66%,29%,37%,68%,31%,38%,70%,29%,42%,1.13,88.9%,3.8%,3.1%,2.4%,"$63,850",41.2%,36.5%,50.3%,Rural-suburban mix
WI-3,"Kind, Ron",D,R+9,R+4,EVEN,47%,52%,-5%,45%,49%,-5%,55%,44%,11%,59%,39%,20%,1.05,94.6%,1.0%,1.4%,1.5%,"$52,958",24.8%,23.8%,70.6%,Pure rural
WI-4,"Moore, Gwen",D,D+49,D+47,D+25,76%,23%,54%,74%,22%,52%,75%,24%,52%,74%,25%,50%,0.96,52.1%,32.8%,10.2%,2.8%,"$41,514",27.4%,20.5%,30.5%,Urban-suburban mix
WI-5,"Fitzgerald, Scott",R,R+21,R+26,R+13,42%,57%,-15%,37%,57%,-20%,38%,61%,-24%,42%,57%,-15%,0.93,91.8%,2.0%,3.5%,1.5%,"$68,197",36.4%,33.1%,57.4%,Sparse suburban
WI-6,"Grothman, Glenn",R,R+20,R+18,R+8,42%,57%,-15%,39%,56%,-17%,46%,53%,-7%,49%,49%,0%,1.13,93.2%,1.6%,2.4%,1.5%,"$57,150",25.6%,24.2%,68.3%,Rural-suburban mix
WI-7,"Tiffany, Tom",R,R+24,R+19,R+8,39%,59%,-20%,37%,58%,-21%,48%,51%,-3%,53%,45%,8%,1.09,94.4%,0.6%,1.2%,1.0%,"$52,826",22.7%,21.7%,72.5%,Pure rural
WI-8,"Gallagher, Mike",R,R+21,R+18,R+7,41%,57%,-16%,39%,56%,-18%,48%,51%,-4%,54%,45%,9%,1.15,92.0%,1.1%,2.3%,1.4%,"$57,603",25.7%,24.0%,66.9%,Rural-suburban mix
WV-1,"McKinley, David",R,R+34,R+33,R+19,30%,68%,-38%,26%,68%,-42%,36%,62%,-27%,42%,57%,-15%,1.09,94.9%,2.4%,0.9%,0.6%,"$45,670",22.5%,21.0%,73.9%,Pure rural
WV-2,"Mooney, Alex",R,R+29,R+28,R+17,33%,65%,-33%,29%,66%,-36%,38%,60%,-22%,44%,55%,-11%,1.03,92.3%,4.4%,1.4%,0.6%,"$49,173",21.3%,19.4%,72.9%,Pure rural
WV-3,"Miller, Carol",R,R+44,R+40,R+23,26%,73%,-48%,23%,73%,-49%,33%,65%,-32%,42%,56%,-13%,1.12,93.9%,3.7%,0.8%,0.3%,"$37,749",15.8%,14.7%,79.2%,Pure rural
WY-1,"Cheney, Liz",R,R+50,R+45,R+25,27%,70%,-44%,23%,70%,-48%,28%,68%,-41%,33%,65%,-33%,1.04,88.3%,1.0%,6.8%,0.6%,"$60,938",26.7%,24.7%,62.8%,Pure rural
Sources:,,,FiveThirtyEight,,Cook Political Report,Daily Kos Elections,,,,,,,,,,,,FiveThirtyEight,2013–2017 American Community Survey 5-Year Estimates,,,,,,,,CityLab